'Time','ECG1','ECG2'
'hh:mm:ss.mmm','mV','mV'
'[10:00:00.000]',0.635,-0.640
'[10:00:00.004]',0.680,-1.280
'[10:00:00.008]',0.630,-1.920
'[10:00:00.012]',0.570,-2.535
'[10:00:00.016]',0.535,-2.800
'[10:00:00.020]',0.510,-2.900
'[10:00:00.024]',0.515,-2.990
'[10:00:00.028]',0.520,-3.030
'[10:00:00.032]',0.525,-3.025
'[10:00:00.036]',0.495,-2.975
'[10:00:00.040]',0.430,-2.825
'[10:00:00.044]',0.275,-2.565
'[10:00:00.048]',0.195,-2.305
'[10:00:00.052]',0.200,-2.050
'[10:00:00.056]',0.260,-1.835
'[10:00:00.060]',0.355,-1.695
'[10:00:00.064]',0.370,-1.590
'[10:00:00.068]',0.315,-1.465
'[10:00:00.072]',0.155,-1.290
'[10:00:00.076]',-0.035,-1.075
'[10:00:00.080]',-0.170,-0.870
'[10:00:00.084]',-0.255,-0.660
'[10:00:00.088]',-0.265,-0.535
'[10:00:00.092]',-0.290,-0.430
'[10:00:00.096]',-0.300,-0.335
'[10:00:00.100]',-0.335,-0.220
'[10:00:00.104]',-0.365,-0.080
'[10:00:00.108]',-0.385,0.015
'[10:00:00.112]',-0.355,0.100
'[10:00:00.116]',-0.355,0.145
'[10:00:00.120]',-0.360,0.140
'[10:00:00.124]',-0.340,0.150
'[10:00:00.128]',-0.360,0.155
'[10:00:00.132]',-0.370,0.165
'[10:00:00.136]',-0.350,0.170
'[10:00:00.140]',-0.365,0.200
'[10:00:00.144]',-0.345,0.215
'[10:00:00.148]',-0.365,0.200
'[10:00:00.152]',-0.325,0.215
'[10:00:00.156]',-0.335,0.220
'[10:00:00.160]',-0.345,0.210
'[10:00:00.164]',-0.350,0.250
'[10:00:00.168]',-0.385,0.235
'[10:00:00.172]',-0.355,0.255
'[10:00:00.176]',-0.365,0.280
'[10:00:00.180]',-0.350,0.275
'[10:00:00.184]',-0.350,0.275
'[10:00:00.188]',-0.340,0.325
'[10:00:00.192]',-0.360,0.305
'[10:00:00.196]',-0.360,0.330
'[10:00:00.200]',-0.385,0.325
'[10:00:00.204]',-0.385,0.345
'[10:00:00.208]',-0.390,0.350
'[10:00:00.212]',-0.400,0.350
'[10:00:00.216]',-0.405,0.385
'[10:00:00.220]',-0.375,0.410
'[10:00:00.224]',-0.400,0.405
'[10:00:00.228]',-0.400,0.425
'[10:00:00.232]',-0.410,0.430
'[10:00:00.236]',-0.420,0.465
'[10:00:00.240]',-0.420,0.485
'[10:00:00.244]',-0.430,0.515
'[10:00:00.248]',-0.435,0.545
'[10:00:00.252]',-0.425,0.530
'[10:00:00.256]',-0.440,0.570
'[10:00:00.260]',-0.455,0.600
'[10:00:00.264]',-0.440,0.610
'[10:00:00.268]',-0.440,0.620
'[10:00:00.272]',-0.465,0.670
'[10:00:00.276]',-0.455,0.690
'[10:00:00.280]',-0.445,0.730
'[10:00:00.284]',-0.445,0.735
'[10:00:00.288]',-0.490,0.750
'[10:00:00.292]',-0.450,0.755
'[10:00:00.296]',-0.450,0.765
'[10:00:00.300]',-0.460,0.780
'[10:00:00.304]',-0.445,0.810
'[10:00:00.308]',-0.475,0.810
'[10:00:00.312]',-0.465,0.820
'[10:00:00.316]',-0.445,0.825
'[10:00:00.320]',-0.445,0.815
'[10:00:00.324]',-0.440,0.850
'[10:00:00.328]',-0.435,0.855
'[10:00:00.332]',-0.420,0.825
'[10:00:00.336]',-0.375,0.840
'[10:00:00.340]',-0.405,0.810
'[10:00:00.344]',-0.385,0.805
'[10:00:00.348]',-0.390,0.800
'[10:00:00.352]',-0.350,0.770
'[10:00:00.356]',-0.345,0.775
'[10:00:00.360]',-0.310,0.720
'[10:00:00.364]',-0.300,0.675
'[10:00:00.368]',-0.305,0.645
'[10:00:00.372]',-0.275,0.595
'[10:00:00.376]',-0.280,0.555
'[10:00:00.380]',-0.275,0.510
'[10:00:00.384]',-0.270,0.460
'[10:00:00.388]',-0.260,0.430
'[10:00:00.392]',-0.255,0.375
'[10:00:00.396]',-0.260,0.325
'[10:00:00.400]',-0.210,0.275
'[10:00:00.404]',-0.190,0.220
'[10:00:00.408]',-0.210,0.190
'[10:00:00.412]',-0.235,0.135
'[10:00:00.416]',-0.235,0.100
'[10:00:00.420]',-0.245,0.070
'[10:00:00.424]',-0.255,0.055
'[10:00:00.428]',-0.235,0.015
'[10:00:00.432]',-0.235,0.015
'[10:00:00.436]',-0.245,-0.015
'[10:00:00.440]',-0.255,-0.015
'[10:00:00.444]',-0.225,-0.020
'[10:00:00.448]',-0.240,-0.035
'[10:00:00.452]',-0.230,-0.040
'[10:00:00.456]',-0.235,-0.040
'[10:00:00.460]',-0.260,-0.035
'[10:00:00.464]',-0.285,-0.065
'[10:00:00.468]',-0.300,-0.055
'[10:00:00.472]',-0.265,-0.045
'[10:00:00.476]',-0.295,-0.050
'[10:00:00.480]',-0.290,-0.055
'[10:00:00.484]',-0.300,-0.035
'[10:00:00.488]',-0.285,-0.040
'[10:00:00.492]',-0.290,-0.060
'[10:00:00.496]',-0.305,-0.035
'[10:00:00.500]',-0.280,-0.015
'[10:00:00.504]',-0.285,-0.030
'[10:00:00.508]',-0.300,-0.035
'[10:00:00.512]',-0.305,-0.040
'[10:00:00.516]',-0.305,-0.025
'[10:00:00.520]',-0.310,-0.050
'[10:00:00.524]',-0.315,-0.035
'[10:00:00.528]',-0.285,-0.055
'[10:00:00.532]',-0.290,-0.020
'[10:00:00.536]',-0.320,-0.030
'[10:00:00.540]',-0.300,-0.025
'[10:00:00.544]',-0.310,-0.040
'[10:00:00.548]',-0.285,-0.050
'[10:00:00.552]',-0.280,-0.060
'[10:00:00.556]',-0.265,-0.065
'[10:00:00.560]',-0.305,-0.060
'[10:00:00.564]',-0.300,-0.040
'[10:00:00.568]',-0.320,-0.045
'[10:00:00.572]',-0.295,-0.055
'[10:00:00.576]',-0.290,-0.075
'[10:00:00.580]',-0.300,-0.060
'[10:00:00.584]',-0.295,-0.090
'[10:00:00.588]',-0.300,-0.075
'[10:00:00.592]',-0.310,-0.095
'[10:00:00.596]',-0.305,-0.085
'[10:00:00.600]',-0.305,-0.115
'[10:00:00.604]',-0.260,-0.130
'[10:00:00.608]',-0.255,-0.100
'[10:00:00.612]',-0.215,-0.095
'[10:00:00.616]',-0.200,-0.080
'[10:00:00.620]',-0.200,-0.110
'[10:00:00.624]',-0.195,-0.085
'[10:00:00.628]',-0.170,-0.100
'[10:00:00.632]',-0.160,-0.105
'[10:00:00.636]',-0.160,-0.085
'[10:00:00.640]',-0.140,-0.045
'[10:00:00.644]',-0.130,-0.030
'[10:00:00.648]',-0.140,-0.040
'[10:00:00.652]',-0.135,-0.025
'[10:00:00.656]',-0.145,-0.030
'[10:00:00.660]',-0.145,-0.040
'[10:00:00.664]',-0.165,-0.040
'[10:00:00.668]',-0.165,-0.065
'[10:00:00.672]',-0.185,-0.060
'[10:00:00.676]',-0.235,-0.100
'[10:00:00.680]',-0.255,-0.115
'[10:00:00.684]',-0.290,-0.145
'[10:00:00.688]',-0.260,-0.170
'[10:00:00.692]',-0.255,-0.185
'[10:00:00.696]',-0.245,-0.200
'[10:00:00.700]',-0.240,-0.215
'[10:00:00.704]',-0.285,-0.200
'[10:00:00.708]',-0.285,-0.195
'[10:00:00.712]',-0.310,-0.200
'[10:00:00.716]',-0.345,-0.185
'[10:00:00.720]',-0.340,-0.190
'[10:00:00.724]',-0.350,-0.180
'[10:00:00.728]',-0.345,-0.190
'[10:00:00.732]',-0.360,-0.205
'[10:00:00.736]',-0.375,-0.210
'[10:00:00.740]',-0.360,-0.180
'[10:00:00.744]',-0.395,-0.195
'[10:00:00.748]',-0.385,-0.195
'[10:00:00.752]',-0.385,-0.180
'[10:00:00.756]',-0.380,-0.170
'[10:00:00.760]',-0.365,-0.205
'[10:00:00.764]',-0.355,-0.185
'[10:00:00.768]',-0.350,-0.180
'[10:00:00.772]',-0.365,-0.215
'[10:00:00.776]',-0.365,-0.190
'[10:00:00.780]',-0.365,-0.190
'[10:00:00.784]',-0.350,-0.190
'[10:00:00.788]',-0.350,-0.195
'[10:00:00.792]',-0.355,-0.175
'[10:00:00.796]',-0.375,-0.180
'[10:00:00.800]',-0.380,-0.220
'[10:00:00.804]',-0.355,-0.195
'[10:00:00.808]',-0.335,-0.190
'[10:00:00.812]',-0.315,-0.205
'[10:00:00.816]',-0.280,-0.195
'[10:00:00.820]',-0.215,-0.185
'[10:00:00.824]',-0.145,-0.205
'[10:00:00.828]',0.010,-0.225
'[10:00:00.832]',0.195,-0.220
'[10:00:00.836]',0.405,-0.235
'[10:00:00.840]',0.575,-0.240
'[10:00:00.844]',0.685,-0.235
'[10:00:00.848]',0.725,-0.225
'[10:00:00.852]',0.765,-0.320
'[10:00:00.856]',0.750,-0.685
'[10:00:00.860]',0.685,-1.275
'[10:00:00.864]',0.615,-1.915
'[10:00:00.868]',0.560,-2.490
'[10:00:00.872]',0.515,-2.825
'[10:00:00.876]',0.510,-3.010
'[10:00:00.880]',0.500,-3.080
'[10:00:00.884]',0.515,-3.095
'[10:00:00.888]',0.495,-3.115
'[10:00:00.892]',0.430,-3.080
'[10:00:00.896]',0.330,-2.960
'[10:00:00.900]',0.230,-2.710
'[10:00:00.904]',0.145,-2.435
'[10:00:00.908]',0.120,-2.160
'[10:00:00.912]',0.160,-1.960
'[10:00:00.916]',0.255,-1.805
'[10:00:00.920]',0.285,-1.690
'[10:00:00.924]',0.240,-1.550
'[10:00:00.928]',0.070,-1.385
'[10:00:00.932]',-0.105,-1.160
'[10:00:00.936]',-0.240,-0.950
'[10:00:00.940]',-0.285,-0.750
'[10:00:00.944]',-0.295,-0.585
'[10:00:00.948]',-0.295,-0.500
'[10:00:00.952]',-0.295,-0.405
'[10:00:00.956]',-0.370,-0.285
'[10:00:00.960]',-0.395,-0.175
'[10:00:00.964]',-0.415,-0.025
'[10:00:00.968]',-0.420,0.055
'[10:00:00.972]',-0.415,0.110
'[10:00:00.976]',-0.415,0.110
'[10:00:00.980]',-0.390,0.140
'[10:00:00.984]',-0.395,0.115
'[10:00:00.988]',-0.370,0.150
'[10:00:00.992]',-0.375,0.130
'[10:00:00.996]',-0.370,0.135
'[10:00:01.000]',-0.375,0.155
'[10:00:01.004]',-0.380,0.180
'[10:00:01.008]',-0.395,0.180
'[10:00:01.012]',-0.420,0.180
'[10:00:01.016]',-0.405,0.210
'[10:00:01.020]',-0.390,0.190
'[10:00:01.024]',-0.390,0.210
'[10:00:01.028]',-0.380,0.205
'[10:00:01.032]',-0.415,0.225
'[10:00:01.036]',-0.410,0.230
'[10:00:01.040]',-0.410,0.225
'[10:00:01.044]',-0.420,0.245
'[10:00:01.048]',-0.420,0.265
'[10:00:01.052]',-0.420,0.260
'[10:00:01.056]',-0.395,0.295
'[10:00:01.060]',-0.410,0.315
'[10:00:01.064]',-0.395,0.310
'[10:00:01.068]',-0.395,0.315
'[10:00:01.072]',-0.420,0.340
'[10:00:01.076]',-0.420,0.345
'[10:00:01.080]',-0.440,0.365
'[10:00:01.084]',-0.485,0.370
'[10:00:01.088]',-0.490,0.405
'[10:00:01.092]',-0.480,0.410
'[10:00:01.096]',-0.455,0.430
'[10:00:01.100]',-0.455,0.465
'[10:00:01.104]',-0.470,0.485
'[10:00:01.108]',-0.480,0.500
'[10:00:01.112]',-0.500,0.520
'[10:00:01.116]',-0.480,0.545
'[10:00:01.120]',-0.495,0.590
'[10:00:01.124]',-0.495,0.605
'[10:00:01.128]',-0.485,0.635
'[10:00:01.132]',-0.480,0.655
'[10:00:01.136]',-0.485,0.655
'[10:00:01.140]',-0.495,0.680
'[10:00:01.144]',-0.490,0.710
'[10:00:01.148]',-0.490,0.740
'[10:00:01.152]',-0.480,0.755
'[10:00:01.156]',-0.455,0.775
'[10:00:01.160]',-0.450,0.780
'[10:00:01.164]',-0.460,0.790
'[10:00:01.168]',-0.425,0.790
'[10:00:01.172]',-0.410,0.800
'[10:00:01.176]',-0.420,0.785
'[10:00:01.180]',-0.420,0.825
'[10:00:01.184]',-0.425,0.805
'[10:00:01.188]',-0.410,0.805
'[10:00:01.192]',-0.390,0.820
'[10:00:01.196]',-0.415,0.835
'[10:00:01.200]',-0.415,0.810
'[10:00:01.204]',-0.390,0.795
'[10:00:01.208]',-0.360,0.795
'[10:00:01.212]',-0.360,0.755
'[10:00:01.216]',-0.335,0.715
'[10:00:01.220]',-0.315,0.675
'[10:00:01.224]',-0.315,0.635
'[10:00:01.228]',-0.295,0.625
'[10:00:01.232]',-0.310,0.575
'[10:00:01.236]',-0.280,0.510
'[10:00:01.240]',-0.275,0.485
'[10:00:01.244]',-0.265,0.430
'[10:00:01.248]',-0.260,0.370
'[10:00:01.252]',-0.255,0.330
'[10:00:01.256]',-0.230,0.265
'[10:00:01.260]',-0.245,0.240
'[10:00:01.264]',-0.265,0.210
'[10:00:01.268]',-0.215,0.185
'[10:00:01.272]',-0.230,0.135
'[10:00:01.276]',-0.220,0.075
'[10:00:01.280]',-0.235,0.050
'[10:00:01.284]',-0.235,0.015
'[10:00:01.288]',-0.255,0.010
'[10:00:01.292]',-0.255,0.015
'[10:00:01.296]',-0.285,-0.015
'[10:00:01.300]',-0.270,-0.015
'[10:00:01.304]',-0.280,-0.020
'[10:00:01.308]',-0.265,-0.035
'[10:00:01.312]',-0.235,-0.050
'[10:00:01.316]',-0.240,-0.030
'[10:00:01.320]',-0.260,-0.055
'[10:00:01.324]',-0.265,-0.040
'[10:00:01.328]',-0.280,-0.035
'[10:00:01.332]',-0.280,-0.045
'[10:00:01.336]',-0.295,-0.040
'[10:00:01.340]',-0.300,-0.035
'[10:00:01.344]',-0.315,-0.010
'[10:00:01.348]',-0.280,-0.040
'[10:00:01.352]',-0.290,-0.060
'[10:00:01.356]',-0.295,-0.040
'[10:00:01.360]',-0.295,-0.040
'[10:00:01.364]',-0.310,-0.030
'[10:00:01.368]',-0.300,-0.035
'[10:00:01.372]',-0.315,-0.025
'[10:00:01.376]',-0.305,-0.030
'[10:00:01.380]',-0.300,0.000
'[10:00:01.384]',-0.295,0.000
'[10:00:01.388]',-0.290,-0.025
'[10:00:01.392]',-0.315,-0.030
'[10:00:01.396]',-0.320,-0.045
'[10:00:01.400]',-0.305,-0.020
'[10:00:01.404]',-0.305,-0.040
'[10:00:01.408]',-0.285,-0.040
'[10:00:01.412]',-0.300,-0.045
'[10:00:01.416]',-0.275,-0.060
'[10:00:01.420]',-0.245,-0.055
'[10:00:01.424]',-0.275,-0.060
'[10:00:01.428]',-0.265,-0.075
'[10:00:01.432]',-0.270,-0.090
'[10:00:01.436]',-0.265,-0.070
'[10:00:01.440]',-0.280,-0.075
'[10:00:01.444]',-0.285,-0.070
'[10:00:01.448]',-0.270,-0.075
'[10:00:01.452]',-0.255,-0.090
'[10:00:01.456]',-0.225,-0.090
'[10:00:01.460]',-0.225,-0.105
'[10:00:01.464]',-0.205,-0.100
'[10:00:01.468]',-0.200,-0.105
'[10:00:01.472]',-0.210,-0.110
'[10:00:01.476]',-0.190,-0.100
'[10:00:01.480]',-0.200,-0.080
'[10:00:01.484]',-0.180,-0.090
'[10:00:01.488]',-0.150,-0.060
'[10:00:01.492]',-0.135,-0.045
'[10:00:01.496]',-0.100,-0.060
'[10:00:01.500]',-0.090,-0.040
'[10:00:01.504]',-0.085,-0.030
'[10:00:01.508]',-0.060,-0.030
'[10:00:01.512]',-0.075,-0.020
'[10:00:01.516]',-0.095,-0.010
'[10:00:01.520]',-0.100,-0.015
'[10:00:01.524]',-0.110,-0.040
'[10:00:01.528]',-0.110,-0.040
'[10:00:01.532]',-0.130,-0.070
'[10:00:01.536]',-0.160,-0.100
'[10:00:01.540]',-0.160,-0.125
'[10:00:01.544]',-0.195,-0.130
'[10:00:01.548]',-0.190,-0.140
'[10:00:01.552]',-0.190,-0.130
'[10:00:01.556]',-0.180,-0.140
'[10:00:01.560]',-0.180,-0.170
'[10:00:01.564]',-0.185,-0.190
'[10:00:01.568]',-0.195,-0.175
'[10:00:01.572]',-0.215,-0.180
'[10:00:01.576]',-0.240,-0.185
'[10:00:01.580]',-0.275,-0.185
'[10:00:01.584]',-0.310,-0.160
'[10:00:01.588]',-0.320,-0.160
'[10:00:01.592]',-0.305,-0.165
'[10:00:01.596]',-0.295,-0.150
'[10:00:01.600]',-0.300,-0.160
'[10:00:01.604]',-0.290,-0.145
'[10:00:01.608]',-0.265,-0.160
'[10:00:01.612]',-0.280,-0.165
'[10:00:01.616]',-0.290,-0.165
'[10:00:01.620]',-0.305,-0.175
'[10:00:01.624]',-0.320,-0.175
'[10:00:01.628]',-0.305,-0.160
'[10:00:01.632]',-0.295,-0.170
'[10:00:01.636]',-0.295,-0.155
'[10:00:01.640]',-0.300,-0.175
'[10:00:01.644]',-0.285,-0.175
'[10:00:01.648]',-0.285,-0.170
'[10:00:01.652]',-0.280,-0.180
'[10:00:01.656]',-0.280,-0.190
'[10:00:01.660]',-0.275,-0.165
'[10:00:01.664]',-0.275,-0.150
'[10:00:01.668]',-0.250,-0.175
'[10:00:01.672]',-0.205,-0.190
'[10:00:01.676]',-0.140,-0.175
'[10:00:01.680]',-0.105,-0.190
'[10:00:01.684]',-0.055,-0.200
'[10:00:01.688]',0.040,-0.175
'[10:00:01.692]',0.220,-0.180
'[10:00:01.696]',0.390,-0.220
'[10:00:01.700]',0.600,-0.215
'[10:00:01.704]',0.740,-0.180
'[10:00:01.708]',0.830,-0.180
'[10:00:01.712]',0.875,-0.265
'[10:00:01.716]',0.885,-0.510
'[10:00:01.720]',0.835,-1.020
'[10:00:01.724]',0.750,-1.635
'[10:00:01.728]',0.665,-2.190
'[10:00:01.732]',0.615,-2.585
'[10:00:01.736]',0.600,-2.810
'[10:00:01.740]',0.575,-2.925
'[10:00:01.744]',0.595,-3.010
'[10:00:01.748]',0.590,-3.010
'[10:00:01.752]',0.530,-2.990
'[10:00:01.756]',0.405,-2.875
'[10:00:01.760]',0.295,-2.665
'[10:00:01.764]',0.170,-2.360
'[10:00:01.768]',0.155,-2.075
'[10:00:01.772]',0.225,-1.845
'[10:00:01.776]',0.315,-1.695
'[10:00:01.780]',0.345,-1.600
'[10:00:01.784]',0.290,-1.465
'[10:00:01.788]',0.150,-1.310
'[10:00:01.792]',-0.040,-1.100
'[10:00:01.796]',-0.175,-0.905
'[10:00:01.800]',-0.260,-0.735
'[10:00:01.804]',-0.235,-0.595
'[10:00:01.808]',-0.240,-0.490
'[10:00:01.812]',-0.250,-0.400
'[10:00:01.816]',-0.275,-0.300
'[10:00:01.820]',-0.315,-0.180
'[10:00:01.824]',-0.380,-0.065
'[10:00:01.828]',-0.375,0.015
'[10:00:01.832]',-0.375,0.095
'[10:00:01.836]',-0.350,0.115
'[10:00:01.840]',-0.370,0.115
'[10:00:01.844]',-0.360,0.110
'[10:00:01.848]',-0.345,0.130
'[10:00:01.852]',-0.350,0.150
'[10:00:01.856]',-0.340,0.135
'[10:00:01.860]',-0.325,0.150
'[10:00:01.864]',-0.335,0.155
'[10:00:01.868]',-0.330,0.170
'[10:00:01.872]',-0.335,0.160
'[10:00:01.876]',-0.330,0.170
'[10:00:01.880]',-0.365,0.175
'[10:00:01.884]',-0.375,0.195
'[10:00:01.888]',-0.370,0.210
'[10:00:01.892]',-0.345,0.185
'[10:00:01.896]',-0.360,0.215
'[10:00:01.900]',-0.340,0.205
'[10:00:01.904]',-0.335,0.230
'[10:00:01.908]',-0.365,0.240
'[10:00:01.912]',-0.365,0.245
'[10:00:01.916]',-0.390,0.255
'[10:00:01.920]',-0.390,0.275
'[10:00:01.924]',-0.375,0.300
'[10:00:01.928]',-0.375,0.320
'[10:00:01.932]',-0.370,0.300
'[10:00:01.936]',-0.405,0.315
'[10:00:01.940]',-0.425,0.325
'[10:00:01.944]',-0.445,0.365
'[10:00:01.948]',-0.440,0.365
'[10:00:01.952]',-0.435,0.390
'[10:00:01.956]',-0.450,0.435
'[10:00:01.960]',-0.455,0.450
'[10:00:01.964]',-0.445,0.455
'[10:00:01.968]',-0.445,0.485
'[10:00:01.972]',-0.435,0.505
'[10:00:01.976]',-0.435,0.520
'[10:00:01.980]',-0.425,0.545
'[10:00:01.984]',-0.455,0.580
'[10:00:01.988]',-0.475,0.610
'[10:00:01.992]',-0.490,0.610
'[10:00:01.996]',-0.455,0.645
'[10:00:02.000]',-0.480,0.680
'[10:00:02.004]',-0.480,0.665
'[10:00:02.008]',-0.455,0.685
'[10:00:02.012]',-0.475,0.705
'[10:00:02.016]',-0.475,0.720
'[10:00:02.020]',-0.475,0.745
'[10:00:02.024]',-0.495,0.755
'[10:00:02.028]',-0.465,0.775
'[10:00:02.032]',-0.465,0.775
'[10:00:02.036]',-0.445,0.800
'[10:00:02.040]',-0.445,0.810
'[10:00:02.044]',-0.435,0.795
'[10:00:02.048]',-0.445,0.805
'[10:00:02.052]',-0.470,0.795
'[10:00:02.056]',-0.425,0.810
'[10:00:02.060]',-0.440,0.800
'[10:00:02.064]',-0.420,0.785
'[10:00:02.068]',-0.390,0.770
'[10:00:02.072]',-0.385,0.740
'[10:00:02.076]',-0.355,0.710
'[10:00:02.080]',-0.340,0.690
'[10:00:02.084]',-0.335,0.635
'[10:00:02.088]',-0.315,0.615
'[10:00:02.092]',-0.310,0.570
'[10:00:02.096]',-0.320,0.540
'[10:00:02.100]',-0.310,0.490
'[10:00:02.104]',-0.290,0.460
'[10:00:02.108]',-0.260,0.395
'[10:00:02.112]',-0.255,0.325
'[10:00:02.116]',-0.225,0.295
'[10:00:02.120]',-0.240,0.240
'[10:00:02.124]',-0.240,0.235
'[10:00:02.128]',-0.245,0.205
'[10:00:02.132]',-0.230,0.145
'[10:00:02.136]',-0.235,0.110
'[10:00:02.140]',-0.240,0.065
'[10:00:02.144]',-0.235,0.065
'[10:00:02.148]',-0.230,0.065
'[10:00:02.152]',-0.240,0.020
'[10:00:02.156]',-0.215,-0.015
'[10:00:02.160]',-0.225,0.000
'[10:00:02.164]',-0.260,-0.010
'[10:00:02.168]',-0.255,-0.015
'[10:00:02.172]',-0.265,-0.005
'[10:00:02.176]',-0.255,-0.025
'[10:00:02.180]',-0.250,-0.020
'[10:00:02.184]',-0.245,-0.020
'[10:00:02.188]',-0.245,-0.020
'[10:00:02.192]',-0.220,-0.025
'[10:00:02.196]',-0.245,-0.015
'[10:00:02.200]',-0.260,-0.020
'[10:00:02.204]',-0.280,-0.020
'[10:00:02.208]',-0.300,0.000
'[10:00:02.212]',-0.295,0.000
'[10:00:02.216]',-0.290,0.005
'[10:00:02.220]',-0.295,0.000
'[10:00:02.224]',-0.290,0.000
'[10:00:02.228]',-0.275,0.005
'[10:00:02.232]',-0.270,0.000
'[10:00:02.236]',-0.290,0.015
'[10:00:02.240]',-0.295,0.020
'[10:00:02.244]',-0.290,0.025
'[10:00:02.248]',-0.295,0.030
'[10:00:02.252]',-0.305,0.025
'[10:00:02.256]',-0.285,0.040
'[10:00:02.260]',-0.265,0.010
'[10:00:02.264]',-0.260,0.020
'[10:00:02.268]',-0.280,0.000
'[10:00:02.272]',-0.270,0.000
'[10:00:02.276]',-0.290,0.020
'[10:00:02.280]',-0.280,0.000
'[10:00:02.284]',-0.285,-0.005
'[10:00:02.288]',-0.280,0.005
'[10:00:02.292]',-0.290,0.000
'[10:00:02.296]',-0.290,-0.005
'[10:00:02.300]',-0.275,-0.025
'[10:00:02.304]',-0.260,-0.040
'[10:00:02.308]',-0.270,-0.030
'[10:00:02.312]',-0.270,-0.050
'[10:00:02.316]',-0.280,-0.045
'[10:00:02.320]',-0.280,-0.040
'[10:00:02.324]',-0.270,-0.045
'[10:00:02.328]',-0.245,-0.045
'[10:00:02.332]',-0.215,-0.050
'[10:00:02.336]',-0.195,-0.070
'[10:00:02.340]',-0.185,-0.065
'[10:00:02.344]',-0.175,-0.050
'[10:00:02.348]',-0.140,-0.055
'[10:00:02.352]',-0.140,-0.040
'[10:00:02.356]',-0.125,-0.020
'[10:00:02.360]',-0.100,-0.005
'[10:00:02.364]',-0.090,0.010
'[10:00:02.368]',-0.055,0.010
'[10:00:02.372]',-0.015,0.025
'[10:00:02.376]',-0.040,0.020
'[10:00:02.380]',-0.015,0.030
'[10:00:02.384]',-0.075,0.025
'[10:00:02.388]',-0.115,0.015
'[10:00:02.392]',-0.145,0.020
'[10:00:02.396]',-0.165,0.000
'[10:00:02.400]',-0.155,-0.050
'[10:00:02.404]',-0.140,-0.075
'[10:00:02.408]',-0.145,-0.080
'[10:00:02.412]',-0.165,-0.110
'[10:00:02.416]',-0.180,-0.100
'[10:00:02.420]',-0.165,-0.100
'[10:00:02.424]',-0.215,-0.115
'[10:00:02.428]',-0.220,-0.130
'[10:00:02.432]',-0.260,-0.115
'[10:00:02.436]',-0.275,-0.105
'[10:00:02.440]',-0.300,-0.105
'[10:00:02.444]',-0.295,-0.120
'[10:00:02.448]',-0.315,-0.110
'[10:00:02.452]',-0.320,-0.115
'[10:00:02.456]',-0.310,-0.110
'[10:00:02.460]',-0.320,-0.095
'[10:00:02.464]',-0.320,-0.100
'[10:00:02.468]',-0.340,-0.110
'[10:00:02.472]',-0.330,-0.100
'[10:00:02.476]',-0.325,-0.120
'[10:00:02.480]',-0.320,-0.105
'[10:00:02.484]',-0.320,-0.130
'[10:00:02.488]',-0.300,-0.125
'[10:00:02.492]',-0.325,-0.115
'[10:00:02.496]',-0.355,-0.115
'[10:00:02.500]',-0.345,-0.110
'[10:00:02.504]',-0.340,-0.090
'[10:00:02.508]',-0.320,-0.120
'[10:00:02.512]',-0.315,-0.140
'[10:00:02.516]',-0.300,-0.115
'[10:00:02.520]',-0.300,-0.100
'[10:00:02.524]',-0.300,-0.125
'[10:00:02.528]',-0.300,-0.120
'[10:00:02.532]',-0.285,-0.115
'[10:00:02.536]',-0.275,-0.120
'[10:00:02.540]',-0.215,-0.115
'[10:00:02.544]',-0.150,-0.115
'[10:00:02.548]',-0.035,-0.115
'[10:00:02.552]',0.145,-0.120
'[10:00:02.556]',0.350,-0.140
'[10:00:02.560]',0.590,-0.135
'[10:00:02.564]',0.825,-0.165
'[10:00:02.568]',0.990,-0.140
'[10:00:02.572]',1.105,-0.100
'[10:00:02.576]',1.135,-0.195
'[10:00:02.580]',1.135,-0.560
'[10:00:02.584]',1.095,-1.145
'[10:00:02.588]',1.025,-1.785
'[10:00:02.592]',0.915,-2.365
'[10:00:02.596]',0.880,-2.720
'[10:00:02.600]',0.860,-2.915
'[10:00:02.604]',0.855,-3.010
'[10:00:02.608]',0.835,-3.060
'[10:00:02.612]',0.820,-3.060
'[10:00:02.616]',0.770,-3.040
'[10:00:02.620]',0.700,-2.945
'[10:00:02.624]',0.565,-2.750
'[10:00:02.628]',0.455,-2.480
'[10:00:02.632]',0.385,-2.215
'[10:00:02.636]',0.420,-1.985
'[10:00:02.640]',0.525,-1.780
'[10:00:02.644]',0.575,-1.675
'[10:00:02.648]',0.545,-1.565
'[10:00:02.652]',0.405,-1.380
'[10:00:02.656]',0.165,-1.195
'[10:00:02.660]',-0.010,-0.975
'[10:00:02.664]',-0.160,-0.770
'[10:00:02.668]',-0.185,-0.590
'[10:00:02.672]',-0.210,-0.475
'[10:00:02.676]',-0.205,-0.375
'[10:00:02.680]',-0.285,-0.275
'[10:00:02.684]',-0.340,-0.140
'[10:00:02.688]',-0.405,-0.015
'[10:00:02.692]',-0.385,0.090
'[10:00:02.696]',-0.410,0.190
'[10:00:02.700]',-0.420,0.195
'[10:00:02.704]',-0.410,0.180
'[10:00:02.708]',-0.380,0.195
'[10:00:02.712]',-0.390,0.180
'[10:00:02.716]',-0.375,0.200
'[10:00:02.720]',-0.350,0.200
'[10:00:02.724]',-0.365,0.235
'[10:00:02.728]',-0.380,0.240
'[10:00:02.732]',-0.365,0.255
'[10:00:02.736]',-0.385,0.240
'[10:00:02.740]',-0.365,0.230
'[10:00:02.744]',-0.350,0.260
'[10:00:02.748]',-0.370,0.250
'[10:00:02.752]',-0.370,0.270
'[10:00:02.756]',-0.390,0.285
'[10:00:02.760]',-0.380,0.255
'[10:00:02.764]',-0.390,0.290
'[10:00:02.768]',-0.390,0.295
'[10:00:02.772]',-0.380,0.325
'[10:00:02.776]',-0.395,0.340
'[10:00:02.780]',-0.375,0.310
'[10:00:02.784]',-0.355,0.330
'[10:00:02.788]',-0.385,0.340
'[10:00:02.792]',-0.415,0.360
'[10:00:02.796]',-0.435,0.390
'[10:00:02.800]',-0.455,0.400
'[10:00:02.804]',-0.425,0.430
'[10:00:02.808]',-0.445,0.430
'[10:00:02.812]',-0.400,0.440
'[10:00:02.816]',-0.430,0.465
'[10:00:02.820]',-0.440,0.475
'[10:00:02.824]',-0.450,0.515
'[10:00:02.828]',-0.470,0.540
'[10:00:02.832]',-0.495,0.560
'[10:00:02.836]',-0.505,0.580
'[10:00:02.840]',-0.520,0.600
'[10:00:02.844]',-0.495,0.610
'[10:00:02.848]',-0.490,0.620
'[10:00:02.852]',-0.470,0.655
'[10:00:02.856]',-0.480,0.660
'[10:00:02.860]',-0.485,0.705
'[10:00:02.864]',-0.505,0.720
'[10:00:02.868]',-0.515,0.770
'[10:00:02.872]',-0.510,0.765
'[10:00:02.876]',-0.515,0.795
'[10:00:02.880]',-0.515,0.795
'[10:00:02.884]',-0.500,0.815
'[10:00:02.888]',-0.490,0.835
'[10:00:02.892]',-0.485,0.850
'[10:00:02.896]',-0.490,0.870
'[10:00:02.900]',-0.500,0.865
'[10:00:02.904]',-0.490,0.880
'[10:00:02.908]',-0.480,0.865
'[10:00:02.912]',-0.460,0.895
'[10:00:02.916]',-0.475,0.875
'[10:00:02.920]',-0.445,0.870
'[10:00:02.924]',-0.435,0.860
'[10:00:02.928]',-0.415,0.865
'[10:00:02.932]',-0.425,0.830
'[10:00:02.936]',-0.405,0.835
'[10:00:02.940]',-0.375,0.785
'[10:00:02.944]',-0.350,0.765
'[10:00:02.948]',-0.325,0.735
'[10:00:02.952]',-0.300,0.695
'[10:00:02.956]',-0.305,0.640
'[10:00:02.960]',-0.285,0.575
'[10:00:02.964]',-0.290,0.525
'[10:00:02.968]',-0.260,0.465
'[10:00:02.972]',-0.275,0.435
'[10:00:02.976]',-0.255,0.380
'[10:00:02.980]',-0.265,0.335
'[10:00:02.984]',-0.255,0.285
'[10:00:02.988]',-0.240,0.260
'[10:00:02.992]',-0.220,0.210
'[10:00:02.996]',-0.210,0.150
'[10:00:03.000]',-0.220,0.120
'[10:00:03.004]',-0.225,0.075
'[10:00:03.008]',-0.225,0.090
'[10:00:03.012]',-0.215,0.055
'[10:00:03.016]',-0.230,0.045
'[10:00:03.020]',-0.240,0.025
'[10:00:03.024]',-0.270,0.000
'[10:00:03.028]',-0.285,0.000
'[10:00:03.032]',-0.260,-0.030
'[10:00:03.036]',-0.260,-0.025
'[10:00:03.040]',-0.285,-0.020
'[10:00:03.044]',-0.295,0.000
'[10:00:03.048]',-0.285,-0.010
'[10:00:03.052]',-0.270,-0.015
'[10:00:03.056]',-0.275,-0.010
'[10:00:03.060]',-0.265,0.000
'[10:00:03.064]',-0.240,-0.020
'[10:00:03.068]',-0.265,-0.030
'[10:00:03.072]',-0.285,0.000
'[10:00:03.076]',-0.290,-0.020
'[10:00:03.080]',-0.330,-0.010
'[10:00:03.084]',-0.325,-0.005
'[10:00:03.088]',-0.330,0.005
'[10:00:03.092]',-0.320,0.000
'[10:00:03.096]',-0.315,0.015
'[10:00:03.100]',-0.305,0.000
'[10:00:03.104]',-0.320,-0.005
'[10:00:03.108]',-0.315,0.010
'[10:00:03.112]',-0.315,-0.015
'[10:00:03.116]',-0.320,0.005
'[10:00:03.120]',-0.305,0.010
'[10:00:03.124]',-0.310,0.000
'[10:00:03.128]',-0.295,0.015
'[10:00:03.132]',-0.300,0.000
'[10:00:03.136]',-0.300,-0.005
'[10:00:03.140]',-0.325,-0.015
'[10:00:03.144]',-0.320,0.005
'[10:00:03.148]',-0.305,-0.015
'[10:00:03.152]',-0.330,-0.030
'[10:00:03.156]',-0.325,-0.030
'[10:00:03.160]',-0.320,-0.005
'[10:00:03.164]',-0.320,-0.025
'[10:00:03.168]',-0.300,-0.025
'[10:00:03.172]',-0.285,-0.010
'[10:00:03.176]',-0.285,-0.030
'[10:00:03.180]',-0.285,-0.035
'[10:00:03.184]',-0.280,-0.030
'[10:00:03.188]',-0.255,-0.035
'[10:00:03.192]',-0.225,-0.035
'[10:00:03.196]',-0.190,-0.015
'[10:00:03.200]',-0.185,-0.025
'[10:00:03.204]',-0.180,-0.015
'[10:00:03.208]',-0.160,-0.020
'[10:00:03.212]',-0.150,-0.030
'[10:00:03.216]',-0.105,0.000
'[10:00:03.220]',-0.055,0.005
'[10:00:03.224]',-0.075,0.010
'[10:00:03.228]',-0.110,0.020
'[10:00:03.232]',-0.135,0.045
'[10:00:03.236]',-0.105,0.050
'[10:00:03.240]',-0.085,0.060
'[10:00:03.244]',-0.075,0.050
'[10:00:03.248]',-0.100,0.030
'[10:00:03.252]',-0.125,0.030
'[10:00:03.256]',-0.150,0.035
'[10:00:03.260]',-0.180,0.015
'[10:00:03.264]',-0.165,-0.015
'[10:00:03.268]',-0.180,-0.030
'[10:00:03.272]',-0.190,-0.040
'[10:00:03.276]',-0.175,-0.070
'[10:00:03.280]',-0.185,-0.095
'[10:00:03.284]',-0.190,-0.095
'[10:00:03.288]',-0.190,-0.090
'[10:00:03.292]',-0.205,-0.100
'[10:00:03.296]',-0.240,-0.110
'[10:00:03.300]',-0.280,-0.105
'[10:00:03.304]',-0.325,-0.115
'[10:00:03.308]',-0.355,-0.105
'[10:00:03.312]',-0.355,-0.100
'[10:00:03.316]',-0.370,-0.100
'[10:00:03.320]',-0.355,-0.085
'[10:00:03.324]',-0.375,-0.100
'[10:00:03.328]',-0.355,-0.125
'[10:00:03.332]',-0.360,-0.105
'[10:00:03.336]',-0.360,-0.100
'[10:00:03.340]',-0.370,-0.095
'[10:00:03.344]',-0.370,-0.110
'[10:00:03.348]',-0.375,-0.090
'[10:00:03.352]',-0.375,-0.100
'[10:00:03.356]',-0.335,-0.100
'[10:00:03.360]',-0.365,-0.100
'[10:00:03.364]',-0.375,-0.115
'[10:00:03.368]',-0.370,-0.130
'[10:00:03.372]',-0.380,-0.115
'[10:00:03.376]',-0.380,-0.100
'[10:00:03.380]',-0.360,-0.095
'[10:00:03.384]',-0.365,-0.105
'[10:00:03.388]',-0.330,-0.085
'[10:00:03.392]',-0.320,-0.120
'[10:00:03.396]',-0.320,-0.100
'[10:00:03.400]',-0.310,-0.145
'[10:00:03.404]',-0.270,-0.115
'[10:00:03.408]',-0.185,-0.110
'[10:00:03.412]',-0.045,-0.120
'[10:00:03.416]',0.130,-0.125
'[10:00:03.420]',0.375,-0.115
'[10:00:03.424]',0.605,-0.150
'[10:00:03.428]',0.785,-0.130
'[10:00:03.432]',0.915,-0.095
'[10:00:03.436]',1.000,-0.115
'[10:00:03.440]',1.000,-0.275
'[10:00:03.444]',0.945,-0.680
'[10:00:03.448]',0.885,-1.320
'[10:00:03.452]',0.775,-1.960
'[10:00:03.456]',0.700,-2.530
'[10:00:03.460]',0.665,-2.815
'[10:00:03.464]',0.665,-2.970
'[10:00:03.468]',0.680,-3.020
'[10:00:03.472]',0.700,-3.055
'[10:00:03.476]',0.680,-3.060
'[10:00:03.480]',0.620,-3.005
'[10:00:03.484]',0.475,-2.840
'[10:00:03.488]',0.330,-2.595
'[10:00:03.492]',0.205,-2.285
'[10:00:03.496]',0.190,-2.020
'[10:00:03.500]',0.285,-1.815
'[10:00:03.504]',0.405,-1.680
'[10:00:03.508]',0.420,-1.565
'[10:00:03.512]',0.330,-1.445
'[10:00:03.516]',0.130,-1.275
'[10:00:03.520]',-0.075,-1.050
'[10:00:03.524]',-0.240,-0.815
'[10:00:03.528]',-0.305,-0.655
'[10:00:03.532]',-0.315,-0.495
'[10:00:03.536]',-0.300,-0.390
'[10:00:03.540]',-0.315,-0.280
'[10:00:03.544]',-0.355,-0.190
'[10:00:03.548]',-0.400,-0.060
'[10:00:03.552]',-0.415,0.045
'[10:00:03.556]',-0.435,0.135
'[10:00:03.560]',-0.430,0.190
'[10:00:03.564]',-0.440,0.215
'[10:00:03.568]',-0.430,0.215
'[10:00:03.572]',-0.445,0.205
'[10:00:03.576]',-0.445,0.220
'[10:00:03.580]',-0.435,0.230
'[10:00:03.584]',-0.420,0.245
'[10:00:03.588]',-0.435,0.255
'[10:00:03.592]',-0.430,0.260
'[10:00:03.596]',-0.430,0.270
'[10:00:03.600]',-0.430,0.275
'[10:00:03.604]',-0.415,0.275
'[10:00:03.608]',-0.400,0.300
'[10:00:03.612]',-0.380,0.300
'[10:00:03.616]',-0.395,0.315
'[10:00:03.620]',-0.435,0.315
'[10:00:03.624]',-0.440,0.305
'[10:00:03.628]',-0.445,0.315
'[10:00:03.632]',-0.470,0.325
'[10:00:03.636]',-0.465,0.370
'[10:00:03.640]',-0.475,0.370
'[10:00:03.644]',-0.475,0.395
'[10:00:03.648]',-0.475,0.380
'[10:00:03.652]',-0.460,0.385
'[10:00:03.656]',-0.455,0.420
'[10:00:03.660]',-0.475,0.400
'[10:00:03.664]',-0.500,0.415
'[10:00:03.668]',-0.515,0.435
'[10:00:03.672]',-0.525,0.475
'[10:00:03.676]',-0.530,0.465
'[10:00:03.680]',-0.505,0.485
'[10:00:03.684]',-0.505,0.505
'[10:00:03.688]',-0.525,0.535
'[10:00:03.692]',-0.550,0.555
'[10:00:03.696]',-0.555,0.575
'[10:00:03.700]',-0.550,0.580
'[10:00:03.704]',-0.530,0.625
'[10:00:03.708]',-0.540,0.660
'[10:00:03.712]',-0.560,0.680
'[10:00:03.716]',-0.570,0.700
'[10:00:03.720]',-0.580,0.710
'[10:00:03.724]',-0.565,0.735
'[10:00:03.728]',-0.565,0.765
'[10:00:03.732]',-0.560,0.780
'[10:00:03.736]',-0.580,0.785
'[10:00:03.740]',-0.565,0.800
'[10:00:03.744]',-0.545,0.815
'[10:00:03.748]',-0.555,0.820
'[10:00:03.752]',-0.575,0.830
'[10:00:03.756]',-0.555,0.835
'[10:00:03.760]',-0.530,0.830
'[10:00:03.764]',-0.540,0.845
'[10:00:03.768]',-0.550,0.860
'[10:00:03.772]',-0.495,0.860
'[10:00:03.776]',-0.500,0.870
'[10:00:03.780]',-0.505,0.860
'[10:00:03.784]',-0.510,0.850
'[10:00:03.788]',-0.475,0.850
'[10:00:03.792]',-0.450,0.820
'[10:00:03.796]',-0.440,0.800
'[10:00:03.800]',-0.440,0.770
'[10:00:03.804]',-0.445,0.750
'[10:00:03.808]',-0.435,0.695
'[10:00:03.812]',-0.385,0.655
'[10:00:03.816]',-0.375,0.610
'[10:00:03.820]',-0.370,0.560
'[10:00:03.824]',-0.360,0.535
'[10:00:03.828]',-0.355,0.475
'[10:00:03.832]',-0.355,0.420
'[10:00:03.836]',-0.335,0.355
'[10:00:03.840]',-0.350,0.325
'[10:00:03.844]',-0.365,0.285
'[10:00:03.848]',-0.355,0.240
'[10:00:03.852]',-0.320,0.195
'[10:00:03.856]',-0.335,0.180
'[10:00:03.860]',-0.315,0.130
'[10:00:03.864]',-0.320,0.100
'[10:00:03.868]',-0.300,0.070
'[10:00:03.872]',-0.290,0.050
'[10:00:03.876]',-0.330,0.020
'[10:00:03.880]',-0.320,0.025
'[10:00:03.884]',-0.335,0.020
'[10:00:03.888]',-0.360,0.010
'[10:00:03.892]',-0.360,0.020
'[10:00:03.896]',-0.315,0.000
'[10:00:03.900]',-0.335,-0.010
'[10:00:03.904]',-0.335,-0.035
'[10:00:03.908]',-0.370,-0.030
'[10:00:03.912]',-0.380,0.000
'[10:00:03.916]',-0.360,-0.020
'[10:00:03.920]',-0.355,-0.010
'[10:00:03.924]',-0.365,0.000
'[10:00:03.928]',-0.345,0.005
'[10:00:03.932]',-0.375,-0.005
'[10:00:03.936]',-0.375,-0.015
'[10:00:03.940]',-0.370,0.000
'[10:00:03.944]',-0.380,-0.020
'[10:00:03.948]',-0.415,-0.010
'[10:00:03.952]',-0.435,0.010
'[10:00:03.956]',-0.430,-0.005
'[10:00:03.960]',-0.415,0.015
'[10:00:03.964]',-0.405,0.000
'[10:00:03.968]',-0.395,0.000
'[10:00:03.972]',-0.380,0.000
'[10:00:03.976]',-0.355,0.010
'[10:00:03.980]',-0.365,0.020
'[10:00:03.984]',-0.355,0.000
'[10:00:03.988]',-0.370,0.005
'[10:00:03.992]',-0.420,0.000
'[10:00:03.996]',-0.400,0.000
'[10:00:04.000]',-0.400,0.015
'[10:00:04.004]',-0.390,0.000
'[10:00:04.008]',-0.385,-0.010
'[10:00:04.012]',-0.365,0.000
'[10:00:04.016]',-0.355,-0.020
'[10:00:04.020]',-0.365,-0.015
'[10:00:04.024]',-0.325,-0.040
'[10:00:04.028]',-0.330,-0.015
'[10:00:04.032]',-0.355,-0.020
'[10:00:04.036]',-0.355,-0.015
'[10:00:04.040]',-0.315,-0.025
'[10:00:04.044]',-0.300,-0.040
'[10:00:04.048]',-0.260,-0.060
'[10:00:04.052]',-0.240,-0.055
'[10:00:04.056]',-0.220,-0.055
'[10:00:04.060]',-0.215,-0.045
'[10:00:04.064]',-0.205,-0.040
'[10:00:04.068]',-0.200,0.005
'[10:00:04.072]',-0.205,0.005
'[10:00:04.076]',-0.195,0.010
'[10:00:04.080]',-0.150,0.015
'[10:00:04.084]',-0.130,0.025
'[10:00:04.088]',-0.115,0.020
'[10:00:04.092]',-0.130,0.045
'[10:00:04.096]',-0.145,0.035
'[10:00:04.100]',-0.155,0.025
'[10:00:04.104]',-0.160,0.020
'[10:00:04.108]',-0.175,0.020
'[10:00:04.112]',-0.190,-0.020
'[10:00:04.116]',-0.205,-0.015
'[10:00:04.120]',-0.210,-0.065
'[10:00:04.124]',-0.230,-0.075
'[10:00:04.128]',-0.240,-0.070
'[10:00:04.132]',-0.250,-0.095
'[10:00:04.136]',-0.240,-0.090
'[10:00:04.140]',-0.250,-0.110
'[10:00:04.144]',-0.270,-0.095
'[10:00:04.148]',-0.280,-0.085
'[10:00:04.152]',-0.320,-0.085
'[10:00:04.156]',-0.350,-0.120
'[10:00:04.160]',-0.370,-0.100
'[10:00:04.164]',-0.365,-0.105
'[10:00:04.168]',-0.370,-0.095
'[10:00:04.172]',-0.350,-0.095
'[10:00:04.176]',-0.345,-0.080
'[10:00:04.180]',-0.360,-0.050
'[10:00:04.184]',-0.405,-0.080
'[10:00:04.188]',-0.395,-0.080
'[10:00:04.192]',-0.400,-0.085
'[10:00:04.196]',-0.380,-0.090
'[10:00:04.200]',-0.395,-0.100
'[10:00:04.204]',-0.365,-0.090
'[10:00:04.208]',-0.370,-0.085
'[10:00:04.212]',-0.355,-0.085
'[10:00:04.216]',-0.360,-0.065
'[10:00:04.220]',-0.385,-0.060
'[10:00:04.224]',-0.340,-0.060
'[10:00:04.228]',-0.345,-0.080
'[10:00:04.232]',-0.335,-0.080
'[10:00:04.236]',-0.330,-0.070
'[10:00:04.240]',-0.305,-0.095
'[10:00:04.244]',-0.300,-0.050
'[10:00:04.248]',-0.280,-0.055
'[10:00:04.252]',-0.265,-0.060
'[10:00:04.256]',-0.195,-0.075
'[10:00:04.260]',-0.085,-0.065
'[10:00:04.264]',0.065,-0.100
'[10:00:04.268]',0.285,-0.100
'[10:00:04.272]',0.495,-0.110
'[10:00:04.276]',0.710,-0.150
'[10:00:04.280]',0.885,-0.130
'[10:00:04.284]',1.005,-0.080
'[10:00:04.288]',1.070,-0.120
'[10:00:04.292]',1.075,-0.360
'[10:00:04.296]',1.020,-0.820
'[10:00:04.300]',0.925,-1.460
'[10:00:04.304]',0.830,-2.050
'[10:00:04.308]',0.780,-2.465
'[10:00:04.312]',0.740,-2.735
'[10:00:04.316]',0.720,-2.875
'[10:00:04.320]',0.735,-2.940
'[10:00:04.324]',0.730,-2.950
'[10:00:04.328]',0.675,-2.925
'[10:00:04.332]',0.550,-2.825
'[10:00:04.336]',0.390,-2.610
'[10:00:04.340]',0.265,-2.320
'[10:00:04.344]',0.225,-2.040
'[10:00:04.348]',0.285,-1.810
'[10:00:04.352]',0.395,-1.635
'[10:00:04.356]',0.445,-1.530
'[10:00:04.360]',0.420,-1.435
'[10:00:04.364]',0.240,-1.270
'[10:00:04.368]',0.035,-1.050
'[10:00:04.372]',-0.145,-0.875
'[10:00:04.376]',-0.220,-0.680
'[10:00:04.380]',-0.235,-0.530
'[10:00:04.384]',-0.250,-0.435
'[10:00:04.388]',-0.285,-0.325
'[10:00:04.392]',-0.360,-0.215
'[10:00:04.396]',-0.390,-0.125
'[10:00:04.400]',-0.385,0.025
'[10:00:04.404]',-0.390,0.110
'[10:00:04.408]',-0.400,0.195
'[10:00:04.412]',-0.395,0.225
'[10:00:04.416]',-0.380,0.220
'[10:00:04.420]',-0.380,0.200
'[10:00:04.424]',-0.380,0.220
'[10:00:04.428]',-0.375,0.220
'[10:00:04.432]',-0.385,0.250
'[10:00:04.436]',-0.395,0.240
'[10:00:04.440]',-0.395,0.250
'[10:00:04.444]',-0.370,0.270
'[10:00:04.448]',-0.380,0.275
'[10:00:04.452]',-0.355,0.250
'[10:00:04.456]',-0.365,0.280
'[10:00:04.460]',-0.400,0.285
'[10:00:04.464]',-0.395,0.280
'[10:00:04.468]',-0.405,0.305
'[10:00:04.472]',-0.375,0.295
'[10:00:04.476]',-0.370,0.315
'[10:00:04.480]',-0.385,0.310
'[10:00:04.484]',-0.400,0.340
'[10:00:04.488]',-0.440,0.345
'[10:00:04.492]',-0.450,0.345
'[10:00:04.496]',-0.435,0.375
'[10:00:04.500]',-0.465,0.375
'[10:00:04.504]',-0.450,0.400
'[10:00:04.508]',-0.460,0.415
'[10:00:04.512]',-0.445,0.450
'[10:00:04.516]',-0.445,0.455
'[10:00:04.520]',-0.440,0.465
'[10:00:04.524]',-0.440,0.480
'[10:00:04.528]',-0.460,0.490
'[10:00:04.532]',-0.470,0.480
'[10:00:04.536]',-0.495,0.540
'[10:00:04.540]',-0.525,0.555
'[10:00:04.544]',-0.525,0.590
'[10:00:04.548]',-0.535,0.600
'[10:00:04.552]',-0.520,0.630
'[10:00:04.556]',-0.530,0.650
'[10:00:04.560]',-0.510,0.655
'[10:00:04.564]',-0.535,0.660
'[10:00:04.568]',-0.535,0.695
'[10:00:04.572]',-0.515,0.730
'[10:00:04.576]',-0.515,0.745
'[10:00:04.580]',-0.525,0.785
'[10:00:04.584]',-0.535,0.800
'[10:00:04.588]',-0.515,0.815
'[10:00:04.592]',-0.525,0.840
'[10:00:04.596]',-0.530,0.840
'[10:00:04.600]',-0.530,0.850
'[10:00:04.604]',-0.520,0.845
'[10:00:04.608]',-0.525,0.855
'[10:00:04.612]',-0.515,0.870
'[10:00:04.616]',-0.480,0.875
'[10:00:04.620]',-0.495,0.885
'[10:00:04.624]',-0.505,0.895
'[10:00:04.628]',-0.470,0.890
'[10:00:04.632]',-0.465,0.865
'[10:00:04.636]',-0.435,0.855
'[10:00:04.640]',-0.430,0.835
'[10:00:04.644]',-0.415,0.830
'[10:00:04.648]',-0.400,0.840
'[10:00:04.652]',-0.425,0.785
'[10:00:04.656]',-0.395,0.760
'[10:00:04.660]',-0.390,0.725
'[10:00:04.664]',-0.345,0.680
'[10:00:04.668]',-0.310,0.645
'[10:00:04.672]',-0.300,0.585
'[10:00:04.676]',-0.305,0.535
'[10:00:04.680]',-0.295,0.495
'[10:00:04.684]',-0.280,0.450
'[10:00:04.688]',-0.290,0.380
'[10:00:04.692]',-0.275,0.340
'[10:00:04.696]',-0.260,0.300
'[10:00:04.700]',-0.240,0.250
'[10:00:04.704]',-0.255,0.235
'[10:00:04.708]',-0.255,0.165
'[10:00:04.712]',-0.245,0.120
'[10:00:04.716]',-0.270,0.115
'[10:00:04.720]',-0.270,0.090
'[10:00:04.724]',-0.270,0.105
'[10:00:04.728]',-0.265,0.050
'[10:00:04.732]',-0.240,0.025
'[10:00:04.736]',-0.265,0.010
'[10:00:04.740]',-0.280,0.025
'[10:00:04.744]',-0.305,0.000
'[10:00:04.748]',-0.285,0.000
'[10:00:04.752]',-0.295,-0.005
'[10:00:04.756]',-0.290,-0.015
'[10:00:04.760]',-0.300,-0.015
'[10:00:04.764]',-0.305,0.010
'[10:00:04.768]',-0.295,0.005
'[10:00:04.772]',-0.300,0.005
'[10:00:04.776]',-0.305,0.005
'[10:00:04.780]',-0.305,0.020
'[10:00:04.784]',-0.325,0.000
'[10:00:04.788]',-0.300,0.005
'[10:00:04.792]',-0.320,0.020
'[10:00:04.796]',-0.335,0.040
'[10:00:04.800]',-0.345,0.030
'[10:00:04.804]',-0.340,0.035
'[10:00:04.808]',-0.330,0.025
'[10:00:04.812]',-0.325,0.025
'[10:00:04.816]',-0.310,0.005
'[10:00:04.820]',-0.345,0.020
'[10:00:04.824]',-0.355,0.030
'[10:00:04.828]',-0.355,0.015
'[10:00:04.832]',-0.345,0.040
'[10:00:04.836]',-0.350,0.040
'[10:00:04.840]',-0.335,0.020
'[10:00:04.844]',-0.340,0.010
'[10:00:04.848]',-0.320,0.020
'[10:00:04.852]',-0.325,0.010
'[10:00:04.856]',-0.345,-0.010
'[10:00:04.860]',-0.350,0.005
'[10:00:04.864]',-0.325,0.005
'[10:00:04.868]',-0.340,0.005
'[10:00:04.872]',-0.350,0.005
'[10:00:04.876]',-0.340,0.000
'[10:00:04.880]',-0.320,0.005
'[10:00:04.884]',-0.305,-0.005
'[10:00:04.888]',-0.285,0.005
'[10:00:04.892]',-0.290,-0.025
'[10:00:04.896]',-0.285,-0.020
'[10:00:04.900]',-0.270,-0.015
'[10:00:04.904]',-0.260,-0.005
'[10:00:04.908]',-0.225,-0.040
'[10:00:04.912]',-0.205,-0.030
'[10:00:04.916]',-0.195,-0.035
'[10:00:04.920]',-0.170,-0.040
'[10:00:04.924]',-0.150,-0.025
'[10:00:04.928]',-0.130,0.000
'[10:00:04.932]',-0.100,0.015
'[10:00:04.936]',-0.095,0.035
'[10:00:04.940]',-0.105,0.055
'[10:00:04.944]',-0.060,0.040
'[10:00:04.948]',-0.060,0.075
'[10:00:04.952]',-0.100,0.080
'[10:00:04.956]',-0.125,0.060
'[10:00:04.960]',-0.140,0.035
'[10:00:04.964]',-0.150,0.045
'[10:00:04.968]',-0.165,0.015
'[10:00:04.972]',-0.195,0.005
'[10:00:04.976]',-0.180,-0.010
'[10:00:04.980]',-0.200,-0.010
'[10:00:04.984]',-0.215,-0.025
'[10:00:04.988]',-0.205,-0.035
'[10:00:04.992]',-0.195,-0.050
'[10:00:04.996]',-0.200,-0.060
'[10:00:05.000]',-0.215,-0.090
'[10:00:05.004]',-0.260,-0.100
'[10:00:05.008]',-0.285,-0.080
'[10:00:05.012]',-0.330,-0.080
'[10:00:05.016]',-0.340,-0.065
'[10:00:05.020]',-0.350,-0.075
'[10:00:05.024]',-0.360,-0.100
'[10:00:05.028]',-0.350,-0.070
'[10:00:05.032]',-0.355,-0.060
'[10:00:05.036]',-0.365,-0.075
'[10:00:05.040]',-0.360,-0.090
'[10:00:05.044]',-0.340,-0.075
'[10:00:05.048]',-0.360,-0.065
'[10:00:05.052]',-0.350,-0.075
'[10:00:05.056]',-0.335,-0.080
'[10:00:05.060]',-0.345,-0.065
'[10:00:05.064]',-0.355,-0.065
'[10:00:05.068]',-0.335,-0.085
'[10:00:05.072]',-0.330,-0.095
'[10:00:05.076]',-0.345,-0.110
'[10:00:05.080]',-0.365,-0.095
'[10:00:05.084]',-0.380,-0.100
'[10:00:05.088]',-0.365,-0.065
'[10:00:05.092]',-0.360,-0.075
'[10:00:05.096]',-0.340,-0.065
'[10:00:05.100]',-0.320,-0.080
'[10:00:05.104]',-0.310,-0.100
'[10:00:05.108]',-0.295,-0.100
'[10:00:05.112]',-0.265,-0.085
'[10:00:05.116]',-0.220,-0.080
'[10:00:05.120]',-0.120,-0.085
'[10:00:05.124]',0.020,-0.085
'[10:00:05.128]',0.230,-0.080
'[10:00:05.132]',0.480,-0.090
'[10:00:05.136]',0.705,-0.115
'[10:00:05.140]',0.905,-0.110
'[10:00:05.144]',1.020,-0.080
'[10:00:05.148]',1.075,-0.080
'[10:00:05.152]',1.085,-0.310
'[10:00:05.156]',1.060,-0.780
'[10:00:05.160]',1.005,-1.420
'[10:00:05.164]',0.925,-2.060
'[10:00:05.168]',0.845,-2.580
'[10:00:05.172]',0.780,-2.840
'[10:00:05.176]',0.750,-2.970
'[10:00:05.180]',0.755,-3.030
'[10:00:05.184]',0.780,-3.045
'[10:00:05.188]',0.800,-3.060
'[10:00:05.192]',0.740,-3.015
'[10:00:05.196]',0.605,-2.860
'[10:00:05.200]',0.470,-2.600
'[10:00:05.204]',0.355,-2.280
'[10:00:05.208]',0.345,-2.030
'[10:00:05.212]',0.455,-1.830
'[10:00:05.216]',0.580,-1.710
'[10:00:05.220]',0.635,-1.575
'[10:00:05.224]',0.555,-1.455
'[10:00:05.228]',0.325,-1.280
'[10:00:05.232]',0.075,-1.075
'[10:00:05.236]',-0.120,-0.825
'[10:00:05.240]',-0.190,-0.630
'[10:00:05.244]',-0.215,-0.455
'[10:00:05.248]',-0.210,-0.375
'[10:00:05.252]',-0.250,-0.275
'[10:00:05.256]',-0.280,-0.165
'[10:00:05.260]',-0.325,0.000
'[10:00:05.264]',-0.355,0.095
'[10:00:05.268]',-0.350,0.200
'[10:00:05.272]',-0.355,0.255
'[10:00:05.276]',-0.365,0.290
'[10:00:05.280]',-0.345,0.270
'[10:00:05.284]',-0.325,0.275
'[10:00:05.288]',-0.330,0.290
'[10:00:05.292]',-0.320,0.300
'[10:00:05.296]',-0.310,0.295
'[10:00:05.300]',-0.345,0.295
'[10:00:05.304]',-0.360,0.320
'[10:00:05.308]',-0.365,0.315
'[10:00:05.312]',-0.355,0.325
'[10:00:05.316]',-0.335,0.330
'[10:00:05.320]',-0.350,0.350
'[10:00:05.324]',-0.330,0.335
'[10:00:05.328]',-0.355,0.350
'[10:00:05.332]',-0.355,0.375
'[10:00:05.336]',-0.350,0.375
'[10:00:05.340]',-0.370,0.395
'[10:00:05.344]',-0.390,0.410
'[10:00:05.348]',-0.400,0.410
'[10:00:05.352]',-0.400,0.440
'[10:00:05.356]',-0.385,0.430
'[10:00:05.360]',-0.380,0.440
'[10:00:05.364]',-0.395,0.435
'[10:00:05.368]',-0.395,0.465
'[10:00:05.372]',-0.385,0.475
'[10:00:05.376]',-0.400,0.500
'[10:00:05.380]',-0.420,0.520
'[10:00:05.384]',-0.420,0.530
'[10:00:05.388]',-0.430,0.540
'[10:00:05.392]',-0.430,0.565
'[10:00:05.396]',-0.440,0.590
'[10:00:05.400]',-0.460,0.600
'[10:00:05.404]',-0.455,0.625
'[10:00:05.408]',-0.480,0.675
'[10:00:05.412]',-0.495,0.670
'[10:00:05.416]',-0.475,0.715
'[10:00:05.420]',-0.475,0.730
'[10:00:05.424]',-0.450,0.745
'[10:00:05.428]',-0.435,0.750
'[10:00:05.432]',-0.450,0.790
'[10:00:05.436]',-0.470,0.805
'[10:00:05.440]',-0.500,0.820
'[10:00:05.444]',-0.505,0.855
'[10:00:05.448]',-0.495,0.865
'[10:00:05.452]',-0.505,0.890
'[10:00:05.456]',-0.500,0.915
'[10:00:05.460]',-0.480,0.915
'[10:00:05.464]',-0.455,0.935
'[10:00:05.468]',-0.460,0.925
'[10:00:05.472]',-0.465,0.935
'[10:00:05.476]',-0.465,0.935
'[10:00:05.480]',-0.455,0.955
'[10:00:05.484]',-0.420,0.935
'[10:00:05.488]',-0.420,0.955
'[10:00:05.492]',-0.425,0.960
'[10:00:05.496]',-0.425,0.940
'[10:00:05.500]',-0.405,0.935
'[10:00:05.504]',-0.395,0.920
'[10:00:05.508]',-0.375,0.870
'[10:00:05.512]',-0.345,0.860
'[10:00:05.516]',-0.345,0.830
'[10:00:05.520]',-0.300,0.800
'[10:00:05.524]',-0.275,0.745
'[10:00:05.528]',-0.265,0.705
'[10:00:05.532]',-0.245,0.650
'[10:00:05.536]',-0.200,0.595
'[10:00:05.540]',-0.215,0.545
'[10:00:05.544]',-0.195,0.500
'[10:00:05.548]',-0.185,0.430
'[10:00:05.552]',-0.200,0.410
'[10:00:05.556]',-0.185,0.370
'[10:00:05.560]',-0.210,0.320
'[10:00:05.564]',-0.210,0.270
'[10:00:05.568]',-0.185,0.230
'[10:00:05.572]',-0.180,0.190
'[10:00:05.576]',-0.180,0.150
'[10:00:05.580]',-0.185,0.120
'[10:00:05.584]',-0.195,0.105
'[10:00:05.588]',-0.185,0.060
'[10:00:05.592]',-0.200,0.060
'[10:00:05.596]',-0.195,0.055
'[10:00:05.600]',-0.220,0.040
'[10:00:05.604]',-0.205,0.040
'[10:00:05.608]',-0.220,0.030
'[10:00:05.612]',-0.225,0.025
'[10:00:05.616]',-0.210,0.025
'[10:00:05.620]',-0.230,0.015
'[10:00:05.624]',-0.250,0.015
'[10:00:05.628]',-0.255,0.020
'[10:00:05.632]',-0.250,0.030
'[10:00:05.636]',-0.245,0.035
'[10:00:05.640]',-0.245,0.045
'[10:00:05.644]',-0.250,0.050
'[10:00:05.648]',-0.260,0.040
'[10:00:05.652]',-0.255,0.015
'[10:00:05.656]',-0.255,0.025
'[10:00:05.660]',-0.280,0.050
'[10:00:05.664]',-0.290,0.035
'[10:00:05.668]',-0.280,0.035
'[10:00:05.672]',-0.290,0.070
'[10:00:05.676]',-0.310,0.045
'[10:00:05.680]',-0.305,0.035
'[10:00:05.684]',-0.290,0.045
'[10:00:05.688]',-0.280,0.050
'[10:00:05.692]',-0.260,0.030
'[10:00:05.696]',-0.255,0.055
'[10:00:05.700]',-0.265,0.015
'[10:00:05.704]',-0.275,0.040
'[10:00:05.708]',-0.300,0.035
'[10:00:05.712]',-0.290,0.045
'[10:00:05.716]',-0.315,0.030
'[10:00:05.720]',-0.295,0.020
'[10:00:05.724]',-0.290,0.015
'[10:00:05.728]',-0.310,0.005
'[10:00:05.732]',-0.290,0.000
'[10:00:05.736]',-0.295,0.000
'[10:00:05.740]',-0.295,-0.005
'[10:00:05.744]',-0.290,-0.010
'[10:00:05.748]',-0.300,-0.015
'[10:00:05.752]',-0.270,-0.015
'[10:00:05.756]',-0.245,-0.010
'[10:00:05.760]',-0.220,-0.025
'[10:00:05.764]',-0.215,-0.030
'[10:00:05.768]',-0.185,-0.030
'[10:00:05.772]',-0.190,-0.015
'[10:00:05.776]',-0.180,-0.050
'[10:00:05.780]',-0.160,-0.025
'[10:00:05.784]',-0.125,-0.020
'[10:00:05.788]',-0.095,0.000
'[10:00:05.792]',-0.110,-0.010
'[10:00:05.796]',-0.120,0.000
'[10:00:05.800]',-0.130,-0.005
'[10:00:05.804]',-0.090,0.015
'[10:00:05.808]',-0.080,0.030
'[10:00:05.812]',-0.080,0.055
'[10:00:05.816]',-0.055,0.065
'[10:00:05.820]',-0.070,0.055
'[10:00:05.824]',-0.100,0.075
'[10:00:05.828]',-0.105,0.040
'[10:00:05.832]',-0.110,0.035
'[10:00:05.836]',-0.125,0.005
'[10:00:05.840]',-0.140,-0.015
'[10:00:05.844]',-0.170,-0.045
'[10:00:05.848]',-0.180,-0.045
'[10:00:05.852]',-0.205,-0.055
'[10:00:05.856]',-0.195,-0.075
'[10:00:05.860]',-0.220,-0.070
'[10:00:05.864]',-0.240,-0.080
'[10:00:05.868]',-0.255,-0.095
'[10:00:05.872]',-0.250,-0.110
'[10:00:05.876]',-0.280,-0.105
'[10:00:05.880]',-0.305,-0.100
'[10:00:05.884]',-0.320,-0.090
'[10:00:05.888]',-0.320,-0.080
'[10:00:05.892]',-0.335,-0.080
'[10:00:05.896]',-0.360,-0.080
'[10:00:05.900]',-0.380,-0.100
'[10:00:05.904]',-0.385,-0.095
'[10:00:05.908]',-0.360,-0.095
'[10:00:05.912]',-0.345,-0.105
'[10:00:05.916]',-0.375,-0.110
'[10:00:05.920]',-0.405,-0.120
'[10:00:05.924]',-0.390,-0.085
'[10:00:05.928]',-0.385,-0.085
'[10:00:05.932]',-0.395,-0.080
'[10:00:05.936]',-0.385,-0.095
'[10:00:05.940]',-0.365,-0.080
'[10:00:05.944]',-0.330,-0.095
'[10:00:05.948]',-0.360,-0.085
'[10:00:05.952]',-0.375,-0.095
'[10:00:05.956]',-0.355,-0.085
'[10:00:05.960]',-0.375,-0.080
'[10:00:05.964]',-0.390,-0.100
'[10:00:05.968]',-0.375,-0.085
'[10:00:05.972]',-0.350,-0.095
'[10:00:05.976]',-0.285,-0.100
'[10:00:05.980]',-0.200,-0.090
'[10:00:05.984]',-0.110,-0.105
'[10:00:05.988]',0.050,-0.120
'[10:00:05.992]',0.270,-0.115
'[10:00:05.996]',0.535,-0.140
'[10:00:06.000]',0.770,-0.120
'[10:00:06.004]',0.920,-0.110
'[10:00:06.008]',1.020,-0.085
'[10:00:06.012]',1.055,-0.130
'[10:00:06.016]',1.030,-0.495
'[10:00:06.020]',0.945,-1.100
'[10:00:06.024]',0.830,-1.740
'[10:00:06.028]',0.745,-2.335
'[10:00:06.032]',0.695,-2.680
'[10:00:06.036]',0.675,-2.860
'[10:00:06.040]',0.690,-2.955
'[10:00:06.044]',0.730,-2.995
'[10:00:06.048]',0.725,-3.025
'[10:00:06.052]',0.655,-3.005
'[10:00:06.056]',0.560,-2.865
'[10:00:06.060]',0.400,-2.670
'[10:00:06.064]',0.265,-2.345
'[10:00:06.068]',0.190,-2.085
'[10:00:06.072]',0.255,-1.860
'[10:00:06.076]',0.360,-1.715
'[10:00:06.080]',0.450,-1.580
'[10:00:06.084]',0.395,-1.470
'[10:00:06.088]',0.225,-1.300
'[10:00:06.092]',0.010,-1.085
'[10:00:06.096]',-0.175,-0.880
'[10:00:06.100]',-0.285,-0.685
'[10:00:06.104]',-0.315,-0.530
'[10:00:06.108]',-0.305,-0.415
'[10:00:06.112]',-0.300,-0.320
'[10:00:06.116]',-0.345,-0.210
'[10:00:06.120]',-0.390,-0.080
'[10:00:06.124]',-0.420,0.045
'[10:00:06.128]',-0.425,0.135
'[10:00:06.132]',-0.450,0.195
'[10:00:06.136]',-0.435,0.225
'[10:00:06.140]',-0.435,0.225
'[10:00:06.144]',-0.445,0.235
'[10:00:06.148]',-0.435,0.255
'[10:00:06.152]',-0.415,0.250
'[10:00:06.156]',-0.400,0.270
'[10:00:06.160]',-0.410,0.285
'[10:00:06.164]',-0.375,0.265
'[10:00:06.168]',-0.395,0.285
'[10:00:06.172]',-0.415,0.290
'[10:00:06.176]',-0.435,0.305
'[10:00:06.180]',-0.440,0.310
'[10:00:06.184]',-0.445,0.325
'[10:00:06.188]',-0.405,0.305
'[10:00:06.192]',-0.410,0.340
'[10:00:06.196]',-0.430,0.360
'[10:00:06.200]',-0.435,0.370
'[10:00:06.204]',-0.405,0.360
'[10:00:06.208]',-0.405,0.365
'[10:00:06.212]',-0.440,0.380
'[10:00:06.216]',-0.435,0.400
'[10:00:06.220]',-0.435,0.425
'[10:00:06.224]',-0.445,0.455
'[10:00:06.228]',-0.420,0.455
'[10:00:06.232]',-0.425,0.475
'[10:00:06.236]',-0.435,0.460
'[10:00:06.240]',-0.460,0.490
'[10:00:06.244]',-0.480,0.485
'[10:00:06.248]',-0.485,0.505
'[10:00:06.252]',-0.485,0.520
'[10:00:06.256]',-0.480,0.565
'[10:00:06.260]',-0.485,0.585
'[10:00:06.264]',-0.470,0.610
'[10:00:06.268]',-0.460,0.620
'[10:00:06.272]',-0.480,0.645
'[10:00:06.276]',-0.500,0.665
'[10:00:06.280]',-0.495,0.675
'[10:00:06.284]',-0.510,0.710
'[10:00:06.288]',-0.520,0.725
'[10:00:06.292]',-0.560,0.775
'[10:00:06.296]',-0.550,0.790
'[10:00:06.300]',-0.545,0.795
'[10:00:06.304]',-0.540,0.820
'[10:00:06.308]',-0.520,0.860
'[10:00:06.312]',-0.495,0.870
'[10:00:06.316]',-0.505,0.870
'[10:00:06.320]',-0.495,0.885
'[10:00:06.324]',-0.500,0.910
'[10:00:06.328]',-0.500,0.915
'[10:00:06.332]',-0.500,0.945
'[10:00:06.336]',-0.485,0.935
'[10:00:06.340]',-0.480,0.955
'[10:00:06.344]',-0.470,0.925
'[10:00:06.348]',-0.470,0.935
'[10:00:06.352]',-0.460,0.910
'[10:00:06.356]',-0.490,0.940
'[10:00:06.360]',-0.480,0.925
'[10:00:06.364]',-0.455,0.895
'[10:00:06.368]',-0.430,0.900
'[10:00:06.372]',-0.410,0.865
'[10:00:06.376]',-0.365,0.835
'[10:00:06.380]',-0.340,0.790
'[10:00:06.384]',-0.315,0.765
'[10:00:06.388]',-0.315,0.725
'[10:00:06.392]',-0.285,0.680
'[10:00:06.396]',-0.290,0.635
'[10:00:06.400]',-0.280,0.600
'[10:00:06.404]',-0.265,0.545
'[10:00:06.408]',-0.280,0.495
'[10:00:06.412]',-0.300,0.440
'[10:00:06.416]',-0.285,0.400
'[10:00:06.420]',-0.265,0.340
'[10:00:06.424]',-0.270,0.295
'[10:00:06.428]',-0.275,0.250
'[10:00:06.432]',-0.265,0.215
'[10:00:06.436]',-0.260,0.195
'[10:00:06.440]',-0.280,0.155
'[10:00:06.444]',-0.245,0.120
'[10:00:06.448]',-0.240,0.110
'[10:00:06.452]',-0.245,0.075
'[10:00:06.456]',-0.275,0.065
'[10:00:06.460]',-0.280,0.045
'[10:00:06.464]',-0.280,0.040
'[10:00:06.468]',-0.300,0.055
'[10:00:06.472]',-0.315,0.025
'[10:00:06.476]',-0.330,0.035
'[10:00:06.480]',-0.335,0.020
'[10:00:06.484]',-0.315,0.035
'[10:00:06.488]',-0.300,0.045
'[10:00:06.492]',-0.285,0.040
'[10:00:06.496]',-0.295,0.030
'[10:00:06.500]',-0.320,0.010
'[10:00:06.504]',-0.330,0.030
'[10:00:06.508]',-0.365,0.025
'[10:00:06.512]',-0.340,0.045
'[10:00:06.516]',-0.350,0.030
'[10:00:06.520]',-0.330,0.045
'[10:00:06.524]',-0.330,0.035
'[10:00:06.528]',-0.340,0.045
'[10:00:06.532]',-0.335,0.045
'[10:00:06.536]',-0.355,0.015
'[10:00:06.540]',-0.350,0.035
'[10:00:06.544]',-0.375,0.050
'[10:00:06.548]',-0.355,0.055
'[10:00:06.552]',-0.335,0.035
'[10:00:06.556]',-0.330,0.030
'[10:00:06.560]',-0.315,0.030
'[10:00:06.564]',-0.320,0.025
'[10:00:06.568]',-0.305,0.015
'[10:00:06.572]',-0.330,0.035
'[10:00:06.576]',-0.350,0.000
'[10:00:06.580]',-0.355,0.025
'[10:00:06.584]',-0.365,0.035
'[10:00:06.588]',-0.380,0.005
'[10:00:06.592]',-0.350,0.000
'[10:00:06.596]',-0.320,-0.020
'[10:00:06.600]',-0.315,-0.015
'[10:00:06.604]',-0.315,0.000
'[10:00:06.608]',-0.310,-0.015
'[10:00:06.612]',-0.320,-0.025
'[10:00:06.616]',-0.335,-0.020
'[10:00:06.620]',-0.320,-0.035
'[10:00:06.624]',-0.270,-0.025
'[10:00:06.628]',-0.260,-0.010
'[10:00:06.632]',-0.230,-0.035
'[10:00:06.636]',-0.195,-0.015
'[10:00:06.640]',-0.185,-0.015
'[10:00:06.644]',-0.170,-0.020
'[10:00:06.648]',-0.180,0.000
'[10:00:06.652]',-0.180,0.020
'[10:00:06.656]',-0.165,0.020
'[10:00:06.660]',-0.140,0.030
'[10:00:06.664]',-0.120,0.030
'[10:00:06.668]',-0.090,0.045
'[10:00:06.672]',-0.085,0.060
'[10:00:06.676]',-0.105,0.045
'[10:00:06.680]',-0.120,0.045
'[10:00:06.684]',-0.140,0.040
'[10:00:06.688]',-0.195,0.025
'[10:00:06.692]',-0.210,0.015
'[10:00:06.696]',-0.235,-0.035
'[10:00:06.700]',-0.240,-0.035
'[10:00:06.704]',-0.230,-0.065
'[10:00:06.708]',-0.235,-0.070
'[10:00:06.712]',-0.215,-0.070
'[10:00:06.716]',-0.210,-0.105
'[10:00:06.720]',-0.240,-0.100
'[10:00:06.724]',-0.295,-0.125
'[10:00:06.728]',-0.315,-0.115
'[10:00:06.732]',-0.325,-0.115
'[10:00:06.736]',-0.360,-0.090
'[10:00:06.740]',-0.375,-0.110
'[10:00:06.744]',-0.380,-0.110
'[10:00:06.748]',-0.395,-0.115
'[10:00:06.752]',-0.400,-0.095
'[10:00:06.756]',-0.420,-0.085
'[10:00:06.760]',-0.415,-0.100
'[10:00:06.764]',-0.400,-0.110
'[10:00:06.768]',-0.420,-0.085
'[10:00:06.772]',-0.410,-0.095
'[10:00:06.776]',-0.390,-0.105
'[10:00:06.780]',-0.360,-0.125
'[10:00:06.784]',-0.350,-0.110
'[10:00:06.788]',-0.360,-0.095
'[10:00:06.792]',-0.375,-0.115
'[10:00:06.796]',-0.400,-0.130
'[10:00:06.800]',-0.410,-0.120
'[10:00:06.804]',-0.410,-0.110
'[10:00:06.808]',-0.380,-0.125
'[10:00:06.812]',-0.400,-0.100
'[10:00:06.816]',-0.385,-0.120
'[10:00:06.820]',-0.350,-0.115
'[10:00:06.824]',-0.355,-0.105
'[10:00:06.828]',-0.325,-0.095
'[10:00:06.832]',-0.315,-0.125
'[10:00:06.836]',-0.280,-0.085
'[10:00:06.840]',-0.215,-0.100
'[10:00:06.844]',-0.115,-0.110
'[10:00:06.848]',0.030,-0.110
'[10:00:06.852]',0.255,-0.140
'[10:00:06.856]',0.465,-0.145
'[10:00:06.860]',0.680,-0.170
'[10:00:06.864]',0.860,-0.170
'[10:00:06.868]',0.950,-0.125
'[10:00:06.872]',0.980,-0.195
'[10:00:06.876]',0.965,-0.450
'[10:00:06.880]',0.900,-0.975
'[10:00:06.884]',0.815,-1.615
'[10:00:06.888]',0.730,-2.230
'[10:00:06.892]',0.690,-2.625
'[10:00:06.896]',0.665,-2.850
'[10:00:06.900]',0.640,-2.980
'[10:00:06.904]',0.655,-3.020
'[10:00:06.908]',0.655,-3.060
'[10:00:06.912]',0.590,-3.020
'[10:00:06.916]',0.475,-2.905
'[10:00:06.920]',0.350,-2.670
'[10:00:06.924]',0.220,-2.400
'[10:00:06.928]',0.180,-2.115
'[10:00:06.932]',0.230,-1.865
'[10:00:06.936]',0.330,-1.700
'[10:00:06.940]',0.370,-1.585
'[10:00:06.944]',0.305,-1.475
'[10:00:06.948]',0.125,-1.325
'[10:00:06.952]',-0.090,-1.115
'[10:00:06.956]',-0.240,-0.925
'[10:00:06.960]',-0.305,-0.720
'[10:00:06.964]',-0.320,-0.595
'[10:00:06.968]',-0.295,-0.465
'[10:00:06.972]',-0.320,-0.365
'[10:00:06.976]',-0.350,-0.230
'[10:00:06.980]',-0.415,-0.120
'[10:00:06.984]',-0.435,0.020
'[10:00:06.988]',-0.430,0.115
'[10:00:06.992]',-0.445,0.180
'[10:00:06.996]',-0.445,0.195
'[10:00:07.000]',-0.465,0.200
'[10:00:07.004]',-0.450,0.185
'[10:00:07.008]',-0.455,0.185
'[10:00:07.012]',-0.435,0.210
'[10:00:07.016]',-0.445,0.210
'[10:00:07.020]',-0.440,0.245
'[10:00:07.024]',-0.450,0.250
'[10:00:07.028]',-0.455,0.275
'[10:00:07.032]',-0.440,0.250
'[10:00:07.036]',-0.410,0.270
'[10:00:07.040]',-0.415,0.270
'[10:00:07.044]',-0.425,0.260
'[10:00:07.048]',-0.410,0.270
'[10:00:07.052]',-0.450,0.270
'[10:00:07.056]',-0.480,0.290
'[10:00:07.060]',-0.470,0.305
'[10:00:07.064]',-0.475,0.355
'[10:00:07.068]',-0.465,0.350
'[10:00:07.072]',-0.470,0.350
'[10:00:07.076]',-0.455,0.365
'[10:00:07.080]',-0.440,0.375
'[10:00:07.084]',-0.475,0.400
'[10:00:07.088]',-0.510,0.390
'[10:00:07.092]',-0.515,0.415
'[10:00:07.096]',-0.535,0.430
'[10:00:07.100]',-0.530,0.425
'[10:00:07.104]',-0.525,0.450
'[10:00:07.108]',-0.535,0.470
'[10:00:07.112]',-0.535,0.485
'[10:00:07.116]',-0.545,0.525
'[10:00:07.120]',-0.545,0.540
'[10:00:07.124]',-0.525,0.545
'[10:00:07.128]',-0.565,0.565
'[10:00:07.132]',-0.575,0.585
'[10:00:07.136]',-0.570,0.630
'[10:00:07.140]',-0.555,0.635
'[10:00:07.144]',-0.550,0.680
'[10:00:07.148]',-0.560,0.700
'[10:00:07.152]',-0.585,0.715
'[10:00:07.156]',-0.585,0.730
'[10:00:07.160]',-0.585,0.760
'[10:00:07.164]',-0.580,0.790
'[10:00:07.168]',-0.590,0.815
'[10:00:07.172]',-0.585,0.830
'[10:00:07.176]',-0.570,0.835
'[10:00:07.180]',-0.555,0.865
'[10:00:07.184]',-0.525,0.870
'[10:00:07.188]',-0.545,0.910
'[10:00:07.192]',-0.550,0.895
'[10:00:07.196]',-0.550,0.890
'[10:00:07.200]',-0.550,0.895
'[10:00:07.204]',-0.530,0.900
'[10:00:07.208]',-0.525,0.915
'[10:00:07.212]',-0.540,0.915
'[10:00:07.216]',-0.520,0.895
'[10:00:07.220]',-0.490,0.915
'[10:00:07.224]',-0.490,0.910
'[10:00:07.228]',-0.460,0.895
'[10:00:07.232]',-0.445,0.850
'[10:00:07.236]',-0.435,0.840
'[10:00:07.240]',-0.405,0.830
'[10:00:07.244]',-0.390,0.785
'[10:00:07.248]',-0.370,0.735
'[10:00:07.252]',-0.360,0.690
'[10:00:07.256]',-0.355,0.660
'[10:00:07.260]',-0.335,0.600
'[10:00:07.264]',-0.320,0.560
'[10:00:07.268]',-0.320,0.510
'[10:00:07.272]',-0.305,0.460
'[10:00:07.276]',-0.305,0.425
'[10:00:07.280]',-0.320,0.370
'[10:00:07.284]',-0.295,0.305
'[10:00:07.288]',-0.280,0.250
'[10:00:07.292]',-0.280,0.225
'[10:00:07.296]',-0.265,0.185
'[10:00:07.300]',-0.285,0.170
'[10:00:07.304]',-0.280,0.130
'[10:00:07.308]',-0.300,0.100
'[10:00:07.312]',-0.295,0.085
'[10:00:07.316]',-0.305,0.075
'[10:00:07.320]',-0.295,0.085
'[10:00:07.324]',-0.320,0.060
'[10:00:07.328]',-0.295,0.040
'[10:00:07.332]',-0.295,0.030
'[10:00:07.336]',-0.305,0.015
'[10:00:07.340]',-0.315,0.015
'[10:00:07.344]',-0.335,0.030
'[10:00:07.348]',-0.375,0.020
'[10:00:07.352]',-0.345,0.035
'[10:00:07.356]',-0.350,0.040
'[10:00:07.360]',-0.345,0.025
'[10:00:07.364]',-0.350,0.035
'[10:00:07.368]',-0.365,0.030
'[10:00:07.372]',-0.355,0.070
'[10:00:07.376]',-0.375,0.055
'[10:00:07.380]',-0.365,0.060
'[10:00:07.384]',-0.355,0.070
'[10:00:07.388]',-0.375,0.070
'[10:00:07.392]',-0.375,0.075
'[10:00:07.396]',-0.370,0.065
'[10:00:07.400]',-0.355,0.065
'[10:00:07.404]',-0.355,0.045
'[10:00:07.408]',-0.355,0.055
'[10:00:07.412]',-0.365,0.065
'[10:00:07.416]',-0.395,0.060
'[10:00:07.420]',-0.375,0.055
'[10:00:07.424]',-0.370,0.055
'[10:00:07.428]',-0.360,0.060
'[10:00:07.432]',-0.350,0.055
'[10:00:07.436]',-0.355,0.050
'[10:00:07.440]',-0.370,0.040
'[10:00:07.444]',-0.380,0.025
'[10:00:07.448]',-0.380,0.025
'[10:00:07.452]',-0.370,0.035
'[10:00:07.456]',-0.380,0.020
'[10:00:07.460]',-0.375,0.015
'[10:00:07.464]',-0.340,0.005
'[10:00:07.468]',-0.335,0.020
'[10:00:07.472]',-0.340,0.015
'[10:00:07.476]',-0.345,-0.010
'[10:00:07.480]',-0.330,0.005
'[10:00:07.484]',-0.335,0.000
'[10:00:07.488]',-0.315,0.000
'[10:00:07.492]',-0.305,0.010
'[10:00:07.496]',-0.290,-0.010
'[10:00:07.500]',-0.285,0.005
'[10:00:07.504]',-0.245,0.015
'[10:00:07.508]',-0.220,0.010
'[10:00:07.512]',-0.220,0.000
'[10:00:07.516]',-0.200,0.015
'[10:00:07.520]',-0.205,0.040
'[10:00:07.524]',-0.185,0.040
'[10:00:07.528]',-0.180,0.045
'[10:00:07.532]',-0.165,0.080
'[10:00:07.536]',-0.170,0.085
'[10:00:07.540]',-0.150,0.090
'[10:00:07.544]',-0.135,0.075
'[10:00:07.548]',-0.135,0.060
'[10:00:07.552]',-0.170,0.055
'[10:00:07.556]',-0.200,0.030
'[10:00:07.560]',-0.240,0.045
'[10:00:07.564]',-0.255,0.000
'[10:00:07.568]',-0.280,0.000
'[10:00:07.572]',-0.275,-0.010
'[10:00:07.576]',-0.280,-0.040
'[10:00:07.580]',-0.265,-0.040
'[10:00:07.584]',-0.295,-0.085
'[10:00:07.588]',-0.305,-0.065
'[10:00:07.592]',-0.310,-0.095
'[10:00:07.596]',-0.315,-0.090
'[10:00:07.600]',-0.340,-0.075
'[10:00:07.604]',-0.380,-0.075
'[10:00:07.608]',-0.425,-0.075
'[10:00:07.612]',-0.435,-0.065
'[10:00:07.616]',-0.425,-0.065
'[10:00:07.620]',-0.410,-0.060
'[10:00:07.624]',-0.410,-0.060
'[10:00:07.628]',-0.415,-0.050
'[10:00:07.632]',-0.420,-0.085
'[10:00:07.636]',-0.425,-0.060
'[10:00:07.640]',-0.445,-0.065
'[10:00:07.644]',-0.430,-0.080
'[10:00:07.648]',-0.410,-0.055
'[10:00:07.652]',-0.400,-0.085
'[10:00:07.656]',-0.415,-0.075
'[10:00:07.660]',-0.415,-0.080
'[10:00:07.664]',-0.435,-0.070
'[10:00:07.668]',-0.445,-0.095
'[10:00:07.672]',-0.445,-0.075
'[10:00:07.676]',-0.425,-0.070
'[10:00:07.680]',-0.425,-0.055
'[10:00:07.684]',-0.420,-0.080
'[10:00:07.688]',-0.400,-0.090
'[10:00:07.692]',-0.405,-0.105
'[10:00:07.696]',-0.375,-0.080
'[10:00:07.700]',-0.355,-0.090
'[10:00:07.704]',-0.320,-0.090
'[10:00:07.708]',-0.250,-0.090
'[10:00:07.712]',-0.135,-0.080
'[10:00:07.716]',0.055,-0.095
'[10:00:07.720]',0.290,-0.085
'[10:00:07.724]',0.500,-0.125
'[10:00:07.728]',0.690,-0.105
'[10:00:07.732]',0.785,-0.110
'[10:00:07.736]',0.860,-0.085
'[10:00:07.740]',0.875,-0.220
'[10:00:07.744]',0.855,-0.650
'[10:00:07.748]',0.780,-1.290
'[10:00:07.752]',0.675,-1.930
'[10:00:07.756]',0.635,-2.530
'[10:00:07.760]',0.600,-2.875
'[10:00:07.764]',0.580,-3.030
'[10:00:07.768]',0.605,-3.130
'[10:00:07.772]',0.655,-3.170
'[10:00:07.776]',0.610,-3.170
'[10:00:07.780]',0.530,-3.125
'[10:00:07.784]',0.415,-2.990
'[10:00:07.788]',0.305,-2.745
'[10:00:07.792]',0.175,-2.445
'[10:00:07.796]',0.155,-2.180
'[10:00:07.800]',0.250,-1.960
'[10:00:07.804]',0.375,-1.805
'[10:00:07.808]',0.435,-1.670
'[10:00:07.812]',0.340,-1.545
'[10:00:07.816]',0.110,-1.370
'[10:00:07.820]',-0.125,-1.135
'[10:00:07.824]',-0.305,-0.915
'[10:00:07.828]',-0.390,-0.675
'[10:00:07.832]',-0.400,-0.520
'[10:00:07.836]',-0.370,-0.420
'[10:00:07.840]',-0.400,-0.300
'[10:00:07.844]',-0.460,-0.190
'[10:00:07.848]',-0.490,-0.055
'[10:00:07.852]',-0.500,0.060
'[10:00:07.856]',-0.540,0.155
'[10:00:07.860]',-0.535,0.210
'[10:00:07.864]',-0.520,0.240
'[10:00:07.868]',-0.495,0.245
'[10:00:07.872]',-0.485,0.255
'[10:00:07.876]',-0.465,0.285
'[10:00:07.880]',-0.485,0.270
'[10:00:07.884]',-0.505,0.260
'[10:00:07.888]',-0.515,0.290
'[10:00:07.892]',-0.530,0.290
'[10:00:07.896]',-0.530,0.315
'[10:00:07.900]',-0.500,0.315
'[10:00:07.904]',-0.520,0.305
'[10:00:07.908]',-0.490,0.335
'[10:00:07.912]',-0.495,0.350
'[10:00:07.916]',-0.495,0.355
'[10:00:07.920]',-0.520,0.350
'[10:00:07.924]',-0.510,0.365
'[10:00:07.928]',-0.515,0.395
'[10:00:07.932]',-0.510,0.390
'[10:00:07.936]',-0.530,0.405
'[10:00:07.940]',-0.535,0.410
'[10:00:07.944]',-0.515,0.430
'[10:00:07.948]',-0.535,0.415
'[10:00:07.952]',-0.530,0.415
'[10:00:07.956]',-0.545,0.445
'[10:00:07.960]',-0.565,0.470
'[10:00:07.964]',-0.575,0.505
'[10:00:07.968]',-0.585,0.510
'[10:00:07.972]',-0.585,0.530
'[10:00:07.976]',-0.560,0.555
'[10:00:07.980]',-0.585,0.570
'[10:00:07.984]',-0.590,0.595
'[10:00:07.988]',-0.590,0.620
'[10:00:07.992]',-0.605,0.605
'[10:00:07.996]',-0.595,0.640
'[10:00:08.000]',-0.595,0.670
'[10:00:08.004]',-0.630,0.690
'[10:00:08.008]',-0.640,0.725
'[10:00:08.012]',-0.625,0.725
'[10:00:08.016]',-0.615,0.775
'[10:00:08.020]',-0.625,0.785
'[10:00:08.024]',-0.640,0.810
'[10:00:08.028]',-0.640,0.845
'[10:00:08.032]',-0.665,0.840
'[10:00:08.036]',-0.650,0.875
'[10:00:08.040]',-0.655,0.885
'[10:00:08.044]',-0.655,0.915
'[10:00:08.048]',-0.655,0.925
'[10:00:08.052]',-0.620,0.950
'[10:00:08.056]',-0.625,0.935
'[10:00:08.060]',-0.600,0.955
'[10:00:08.064]',-0.585,0.975
'[10:00:08.068]',-0.600,0.980
'[10:00:08.072]',-0.585,0.960
'[10:00:08.076]',-0.590,0.985
'[10:00:08.080]',-0.590,0.980
'[10:00:08.084]',-0.615,0.995
'[10:00:08.088]',-0.560,0.960
'[10:00:08.092]',-0.535,0.975
'[10:00:08.096]',-0.540,0.920
'[10:00:08.100]',-0.525,0.910
'[10:00:08.104]',-0.500,0.870
'[10:00:08.108]',-0.490,0.840
'[10:00:08.112]',-0.465,0.820
'[10:00:08.116]',-0.435,0.790
'[10:00:08.120]',-0.420,0.740
'[10:00:08.124]',-0.420,0.685
'[10:00:08.128]',-0.405,0.610
'[10:00:08.132]',-0.380,0.555
'[10:00:08.136]',-0.370,0.500
'[10:00:08.140]',-0.395,0.455
'[10:00:08.144]',-0.395,0.390
'[10:00:08.148]',-0.405,0.355
'[10:00:08.152]',-0.400,0.305
'[10:00:08.156]',-0.375,0.270
'[10:00:08.160]',-0.340,0.235
'[10:00:08.164]',-0.325,0.185
'[10:00:08.168]',-0.325,0.170
'[10:00:08.172]',-0.340,0.130
'[10:00:08.176]',-0.360,0.110
'[10:00:08.180]',-0.370,0.090
'[10:00:08.184]',-0.400,0.075
'[10:00:08.188]',-0.415,0.070
'[10:00:08.192]',-0.400,0.065
'[10:00:08.196]',-0.385,0.050
'[10:00:08.200]',-0.380,0.025
'[10:00:08.204]',-0.385,0.040
'[10:00:08.208]',-0.380,0.025
'[10:00:08.212]',-0.385,0.030
'[10:00:08.216]',-0.385,0.045
'[10:00:08.220]',-0.415,0.050
'[10:00:08.224]',-0.415,0.065
'[10:00:08.228]',-0.435,0.060
'[10:00:08.232]',-0.445,0.075
'[10:00:08.236]',-0.425,0.055
'[10:00:08.240]',-0.425,0.065
'[10:00:08.244]',-0.450,0.075
'[10:00:08.248]',-0.465,0.070
'[10:00:08.252]',-0.445,0.065
'[10:00:08.256]',-0.440,0.085
'[10:00:08.260]',-0.445,0.105
'[10:00:08.264]',-0.445,0.090
'[10:00:08.268]',-0.445,0.085
'[10:00:08.272]',-0.420,0.085
'[10:00:08.276]',-0.410,0.100
'[10:00:08.280]',-0.410,0.105
'[10:00:08.284]',-0.425,0.090
'[10:00:08.288]',-0.435,0.075
'[10:00:08.292]',-0.465,0.110
'[10:00:08.296]',-0.455,0.085
'[10:00:08.300]',-0.455,0.070
'[10:00:08.304]',-0.445,0.090
'[10:00:08.308]',-0.435,0.070
'[10:00:08.312]',-0.440,0.065
'[10:00:08.316]',-0.415,0.030
'[10:00:08.320]',-0.435,0.040
'[10:00:08.324]',-0.435,0.045
'[10:00:08.328]',-0.415,0.050
'[10:00:08.332]',-0.410,0.035
'[10:00:08.336]',-0.390,0.035
'[10:00:08.340]',-0.400,0.020
'[10:00:08.344]',-0.390,0.020
'[10:00:08.348]',-0.405,0.000
'[10:00:08.352]',-0.385,0.000
'[10:00:08.356]',-0.355,0.005
'[10:00:08.360]',-0.345,0.010
'[10:00:08.364]',-0.340,0.005
'[10:00:08.368]',-0.345,0.005
'[10:00:08.372]',-0.315,0.015
'[10:00:08.376]',-0.305,0.030
'[10:00:08.380]',-0.250,0.010
'[10:00:08.384]',-0.235,0.035
'[10:00:08.388]',-0.215,0.060
'[10:00:08.392]',-0.180,0.065
'[10:00:08.396]',-0.195,0.075
'[10:00:08.400]',-0.190,0.090
'[10:00:08.404]',-0.205,0.125
'[10:00:08.408]',-0.240,0.100
'[10:00:08.412]',-0.235,0.080
'[10:00:08.416]',-0.250,0.095
'[10:00:08.420]',-0.285,0.085
'[10:00:08.424]',-0.285,0.040
'[10:00:08.428]',-0.305,0.010
'[10:00:08.432]',-0.325,0.000
'[10:00:08.436]',-0.355,-0.025
'[10:00:08.440]',-0.350,-0.050
'[10:00:08.444]',-0.330,-0.045
'[10:00:08.448]',-0.340,-0.045
'[10:00:08.452]',-0.330,-0.055
'[10:00:08.456]',-0.385,-0.100
'[10:00:08.460]',-0.400,-0.090
'[10:00:08.464]',-0.420,-0.090
'[10:00:08.468]',-0.445,-0.095
'[10:00:08.472]',-0.470,-0.090
'[10:00:08.476]',-0.475,-0.080
'[10:00:08.480]',-0.460,-0.055
'[10:00:08.484]',-0.455,-0.065
'[10:00:08.488]',-0.470,-0.060
'[10:00:08.492]',-0.500,-0.080
'[10:00:08.496]',-0.530,-0.080
'[10:00:08.500]',-0.510,-0.090
'[10:00:08.504]',-0.510,-0.095
'[10:00:08.508]',-0.530,-0.080
'[10:00:08.512]',-0.535,-0.080
'[10:00:08.516]',-0.520,-0.070
'[10:00:08.520]',-0.525,-0.075
'[10:00:08.524]',-0.530,-0.085
'[10:00:08.528]',-0.510,-0.080
'[10:00:08.532]',-0.500,-0.090
'[10:00:08.536]',-0.510,-0.110
'[10:00:08.540]',-0.505,-0.075
'[10:00:08.544]',-0.505,-0.070
'[10:00:08.548]',-0.510,-0.080
'[10:00:08.552]',-0.505,-0.065
'[10:00:08.556]',-0.490,-0.080
'[10:00:08.560]',-0.450,-0.085
'[10:00:08.564]',-0.430,-0.095
'[10:00:08.568]',-0.395,-0.105
'[10:00:08.572]',-0.335,-0.115
'[10:00:08.576]',-0.225,-0.085
'[10:00:08.580]',-0.045,-0.105
'[10:00:08.584]',0.170,-0.115
'[10:00:08.588]',0.435,-0.140
'[10:00:08.592]',0.685,-0.135
'[10:00:08.596]',0.840,-0.100
'[10:00:08.600]',0.910,-0.090
'[10:00:08.604]',0.945,-0.205
'[10:00:08.608]',0.895,-0.615
'[10:00:08.612]',0.830,-1.255
'[10:00:08.616]',0.730,-1.895
'[10:00:08.620]',0.635,-2.535
'[10:00:08.624]',0.580,-2.940
'[10:00:08.628]',0.545,-3.140
'[10:00:08.632]',0.535,-3.220
'[10:00:08.636]',0.560,-3.250
'[10:00:08.640]',0.540,-3.275
'[10:00:08.644]',0.490,-3.240
'[10:00:08.648]',0.375,-3.095
'[10:00:08.652]',0.230,-2.865
'[10:00:08.656]',0.100,-2.535
'[10:00:08.660]',0.085,-2.220
'[10:00:08.664]',0.175,-2.005
'[10:00:08.668]',0.255,-1.870
'[10:00:08.672]',0.290,-1.735
'[10:00:08.676]',0.255,-1.585
'[10:00:08.680]',0.055,-1.410
'[10:00:08.684]',-0.185,-1.160
'[10:00:08.688]',-0.365,-0.955
'[10:00:08.692]',-0.460,-0.735
'[10:00:08.696]',-0.470,-0.570
'[10:00:08.700]',-0.435,-0.450
'[10:00:08.704]',-0.450,-0.350
'[10:00:08.708]',-0.515,-0.225
'[10:00:08.712]',-0.585,-0.100
'[10:00:08.716]',-0.585,0.030
'[10:00:08.720]',-0.575,0.155
'[10:00:08.724]',-0.590,0.205
'[10:00:08.728]',-0.600,0.225
'[10:00:08.732]',-0.610,0.235
'[10:00:08.736]',-0.605,0.260
'[10:00:08.740]',-0.595,0.250
'[10:00:08.744]',-0.600,0.255
'[10:00:08.748]',-0.575,0.275
'[10:00:08.752]',-0.565,0.255
'[10:00:08.756]',-0.570,0.265
'[10:00:08.760]',-0.580,0.270
'[10:00:08.764]',-0.590,0.280
'[10:00:08.768]',-0.565,0.295
'[10:00:08.772]',-0.570,0.300
'[10:00:08.776]',-0.560,0.315
'[10:00:08.780]',-0.575,0.310
'[10:00:08.784]',-0.600,0.310
'[10:00:08.788]',-0.615,0.340
'[10:00:08.792]',-0.625,0.340
'[10:00:08.796]',-0.625,0.355
'[10:00:08.800]',-0.635,0.365
'[10:00:08.804]',-0.640,0.375
'[10:00:08.808]',-0.620,0.375
'[10:00:08.812]',-0.630,0.405
'[10:00:08.816]',-0.640,0.410
'[10:00:08.820]',-0.615,0.420
'[10:00:08.824]',-0.635,0.475
'[10:00:08.828]',-0.640,0.490
'[10:00:08.832]',-0.670,0.470
'[10:00:08.836]',-0.680,0.495
'[10:00:08.840]',-0.670,0.520
'[10:00:08.844]',-0.685,0.540
'[10:00:08.848]',-0.685,0.575
'[10:00:08.852]',-0.665,0.570
'[10:00:08.856]',-0.675,0.605
'[10:00:08.860]',-0.685,0.625
'[10:00:08.864]',-0.680,0.635
'[10:00:08.868]',-0.670,0.640
'[10:00:08.872]',-0.655,0.690
'[10:00:08.876]',-0.675,0.715
'[10:00:08.880]',-0.685,0.740
'[10:00:08.884]',-0.715,0.765
'[10:00:08.888]',-0.730,0.800
'[10:00:08.892]',-0.700,0.820
'[10:00:08.896]',-0.710,0.825
'[10:00:08.900]',-0.730,0.845
'[10:00:08.904]',-0.715,0.870
'[10:00:08.908]',-0.710,0.870
'[10:00:08.912]',-0.700,0.895
'[10:00:08.916]',-0.690,0.930
'[10:00:08.920]',-0.680,0.920
'[10:00:08.924]',-0.660,0.960
'[10:00:08.928]',-0.650,0.935
'[10:00:08.932]',-0.635,0.940
'[10:00:08.936]',-0.635,0.955
'[10:00:08.940]',-0.635,0.950
'[10:00:08.944]',-0.640,0.930
'[10:00:08.948]',-0.635,0.935
'[10:00:08.952]',-0.600,0.915
'[10:00:08.956]',-0.605,0.915
'[10:00:08.960]',-0.600,0.900
'[10:00:08.964]',-0.570,0.860
'[10:00:08.968]',-0.550,0.830
'[10:00:08.972]',-0.530,0.800
'[10:00:08.976]',-0.515,0.775
'[10:00:08.980]',-0.495,0.740
'[10:00:08.984]',-0.460,0.665
'[10:00:08.988]',-0.460,0.645
'[10:00:08.992]',-0.465,0.590
'[10:00:08.996]',-0.485,0.530
'[10:00:09.000]',-0.465,0.485
'[10:00:09.004]',-0.445,0.420
'[10:00:09.008]',-0.435,0.385
'[10:00:09.012]',-0.430,0.310
'[10:00:09.016]',-0.455,0.295
'[10:00:09.020]',-0.460,0.260
'[10:00:09.024]',-0.445,0.200
'[10:00:09.028]',-0.460,0.165
'[10:00:09.032]',-0.455,0.140
'[10:00:09.036]',-0.450,0.105
'[10:00:09.040]',-0.450,0.065
'[10:00:09.044]',-0.450,0.055
'[10:00:09.048]',-0.445,0.040
'[10:00:09.052]',-0.465,0.030
'[10:00:09.056]',-0.490,0.035
'[10:00:09.060]',-0.475,0.020
'[10:00:09.064]',-0.460,0.010
'[10:00:09.068]',-0.450,-0.015
'[10:00:09.072]',-0.450,0.005
'[10:00:09.076]',-0.460,0.005
'[10:00:09.080]',-0.470,-0.005
'[10:00:09.084]',-0.470,0.000
'[10:00:09.088]',-0.510,-0.005
'[10:00:09.092]',-0.535,0.000
'[10:00:09.096]',-0.490,0.015
'[10:00:09.100]',-0.500,0.015
'[10:00:09.104]',-0.480,0.020
'[10:00:09.108]',-0.475,0.015
'[10:00:09.112]',-0.490,0.040
'[10:00:09.116]',-0.505,0.015
'[10:00:09.120]',-0.485,0.000
'[10:00:09.124]',-0.480,0.020
'[10:00:09.128]',-0.485,0.015
'[10:00:09.132]',-0.500,0.030
'[10:00:09.136]',-0.490,0.025
'[10:00:09.140]',-0.495,0.035
'[10:00:09.144]',-0.520,0.010
'[10:00:09.148]',-0.505,0.000
'[10:00:09.152]',-0.480,0.010
'[10:00:09.156]',-0.510,0.000
'[10:00:09.160]',-0.510,0.000
'[10:00:09.164]',-0.535,0.010
'[10:00:09.168]',-0.525,0.005
'[10:00:09.172]',-0.520,0.000
'[10:00:09.176]',-0.495,-0.015
'[10:00:09.180]',-0.480,0.000
'[10:00:09.184]',-0.460,0.000
'[10:00:09.188]',-0.475,0.000
'[10:00:09.192]',-0.490,-0.015
'[10:00:09.196]',-0.475,-0.035
'[10:00:09.200]',-0.455,-0.045
'[10:00:09.204]',-0.460,-0.020
'[10:00:09.208]',-0.460,-0.015
'[10:00:09.212]',-0.440,-0.035
'[10:00:09.216]',-0.400,-0.030
'[10:00:09.220]',-0.385,-0.030
'[10:00:09.224]',-0.350,-0.050
'[10:00:09.228]',-0.335,-0.060
'[10:00:09.232]',-0.325,-0.045
'[10:00:09.236]',-0.325,-0.020
'[10:00:09.240]',-0.320,-0.045
'[10:00:09.244]',-0.305,-0.010
'[10:00:09.248]',-0.265,0.000
'[10:00:09.252]',-0.225,0.000
'[10:00:09.256]',-0.230,0.015
'[10:00:09.260]',-0.210,0.000
'[10:00:09.264]',-0.205,0.035
'[10:00:09.268]',-0.230,0.055
'[10:00:09.272]',-0.260,0.060
'[10:00:09.276]',-0.275,0.050
'[10:00:09.280]',-0.270,0.015
'[10:00:09.284]',-0.285,0.020
'[10:00:09.288]',-0.265,-0.035
'[10:00:09.292]',-0.295,-0.060
'[10:00:09.296]',-0.320,-0.080
'[10:00:09.300]',-0.365,-0.080
'[10:00:09.304]',-0.370,-0.090
'[10:00:09.308]',-0.355,-0.095
'[10:00:09.312]',-0.370,-0.095
'[10:00:09.316]',-0.400,-0.120
'[10:00:09.320]',-0.380,-0.135
'[10:00:09.324]',-0.405,-0.115
'[10:00:09.328]',-0.435,-0.125
'[10:00:09.332]',-0.435,-0.120
'[10:00:09.336]',-0.475,-0.140
'[10:00:09.340]',-0.475,-0.135
'[10:00:09.344]',-0.460,-0.105
'[10:00:09.348]',-0.490,-0.110
'[10:00:09.352]',-0.515,-0.125
'[10:00:09.356]',-0.540,-0.125
'[10:00:09.360]',-0.530,-0.145
'[10:00:09.364]',-0.500,-0.130
'[10:00:09.368]',-0.500,-0.135
'[10:00:09.372]',-0.485,-0.135
'[10:00:09.376]',-0.495,-0.140
'[10:00:09.380]',-0.495,-0.120
'[10:00:09.384]',-0.495,-0.120
'[10:00:09.388]',-0.465,-0.120
'[10:00:09.392]',-0.465,-0.120
'[10:00:09.396]',-0.450,-0.115
'[10:00:09.400]',-0.455,-0.135
'[10:00:09.404]',-0.475,-0.125
'[10:00:09.408]',-0.500,-0.135
'[10:00:09.412]',-0.485,-0.125
'[10:00:09.416]',-0.480,-0.130
'[10:00:09.420]',-0.445,-0.115
'[10:00:09.424]',-0.385,-0.110
'[10:00:09.428]',-0.335,-0.125
'[10:00:09.432]',-0.265,-0.115
'[10:00:09.436]',-0.145,-0.130
'[10:00:09.440]',0.045,-0.120
'[10:00:09.444]',0.285,-0.145
'[10:00:09.448]',0.520,-0.140
'[10:00:09.452]',0.730,-0.160
'[10:00:09.456]',0.895,-0.155
'[10:00:09.460]',0.990,-0.155
'[10:00:09.464]',1.030,-0.250
'[10:00:09.468]',0.985,-0.625
'[10:00:09.472]',0.905,-1.240
'[10:00:09.476]',0.795,-1.880
'[10:00:09.480]',0.700,-2.485
'[10:00:09.484]',0.655,-2.825
'[10:00:09.488]',0.635,-3.050
'[10:00:09.492]',0.635,-3.160
'[10:00:09.496]',0.650,-3.180
'[10:00:09.500]',0.655,-3.190
'[10:00:09.504]',0.565,-3.170
'[10:00:09.508]',0.425,-2.995
'[10:00:09.512]',0.300,-2.745
'[10:00:09.516]',0.155,-2.415
'[10:00:09.520]',0.125,-2.150
'[10:00:09.524]',0.195,-1.910
'[10:00:09.528]',0.275,-1.775
'[10:00:09.532]',0.315,-1.640
'[10:00:09.536]',0.235,-1.485
'[10:00:09.540]',0.020,-1.330
'[10:00:09.544]',-0.165,-1.130
'[10:00:09.548]',-0.310,-0.915
'[10:00:09.552]',-0.365,-0.725
'[10:00:09.556]',-0.360,-0.580
'[10:00:09.560]',-0.365,-0.470
'[10:00:09.564]',-0.405,-0.360
'[10:00:09.568]',-0.465,-0.235
'[10:00:09.572]',-0.505,-0.115
'[10:00:09.576]',-0.485,0.005
'[10:00:09.580]',-0.495,0.100
'[10:00:09.584]',-0.470,0.150
'[10:00:09.588]',-0.465,0.170
'[10:00:09.592]',-0.495,0.165
'[10:00:09.596]',-0.510,0.150
'[10:00:09.600]',-0.510,0.155
'[10:00:09.604]',-0.485,0.200
'[10:00:09.608]',-0.465,0.205
'[10:00:09.612]',-0.465,0.200
'[10:00:09.616]',-0.450,0.230
'[10:00:09.620]',-0.445,0.220
'[10:00:09.624]',-0.450,0.210
'[10:00:09.628]',-0.450,0.225
'[10:00:09.632]',-0.480,0.215
'[10:00:09.636]',-0.490,0.235
'[10:00:09.640]',-0.480,0.245
'[10:00:09.644]',-0.490,0.260
'[10:00:09.648]',-0.505,0.265
'[10:00:09.652]',-0.485,0.275
'[10:00:09.656]',-0.475,0.280
'[10:00:09.660]',-0.490,0.285
'[10:00:09.664]',-0.490,0.295
'[10:00:09.668]',-0.525,0.310
'[10:00:09.672]',-0.545,0.325
'[10:00:09.676]',-0.545,0.340
'[10:00:09.680]',-0.540,0.350
'[10:00:09.684]',-0.520,0.350
'[10:00:09.688]',-0.520,0.375
'[10:00:09.692]',-0.530,0.395
'[10:00:09.696]',-0.555,0.400
'[10:00:09.700]',-0.550,0.420
'[10:00:09.704]',-0.570,0.445
'[10:00:09.708]',-0.570,0.455
'[10:00:09.712]',-0.575,0.470
'[10:00:09.716]',-0.600,0.495
'[10:00:09.720]',-0.565,0.520
'[10:00:09.724]',-0.555,0.520
'[10:00:09.728]',-0.580,0.550
'[10:00:09.732]',-0.595,0.580
'[10:00:09.736]',-0.600,0.595
'[10:00:09.740]',-0.630,0.615
'[10:00:09.744]',-0.645,0.635
'[10:00:09.748]',-0.660,0.650
'[10:00:09.752]',-0.650,0.680
'[10:00:09.756]',-0.640,0.715
'[10:00:09.760]',-0.635,0.715
'[10:00:09.764]',-0.625,0.745
'[10:00:09.768]',-0.615,0.770
'[10:00:09.772]',-0.640,0.775
'[10:00:09.776]',-0.635,0.800
'[10:00:09.780]',-0.635,0.805
'[10:00:09.784]',-0.615,0.815
'[10:00:09.788]',-0.620,0.810
'[10:00:09.792]',-0.600,0.830
'[10:00:09.796]',-0.595,0.830
'[10:00:09.800]',-0.600,0.825
'[10:00:09.804]',-0.570,0.825
'[10:00:09.808]',-0.565,0.850
'[10:00:09.812]',-0.565,0.820
'[10:00:09.816]',-0.580,0.815
'[10:00:09.820]',-0.555,0.805
'[10:00:09.824]',-0.520,0.775
'[10:00:09.828]',-0.510,0.755
'[10:00:09.832]',-0.470,0.710
'[10:00:09.836]',-0.445,0.675
'[10:00:09.840]',-0.440,0.630
'[10:00:09.844]',-0.450,0.575
'[10:00:09.848]',-0.435,0.545
'[10:00:09.852]',-0.425,0.520
'[10:00:09.856]',-0.400,0.455
'[10:00:09.860]',-0.410,0.410
'[10:00:09.864]',-0.390,0.360
'[10:00:09.868]',-0.360,0.315
'[10:00:09.872]',-0.360,0.260
'[10:00:09.876]',-0.380,0.210
'[10:00:09.880]',-0.380,0.160
'[10:00:09.884]',-0.375,0.145
'[10:00:09.888]',-0.370,0.100
'[10:00:09.892]',-0.380,0.060
'[10:00:09.896]',-0.385,0.045
'[10:00:09.900]',-0.395,0.000
'[10:00:09.904]',-0.390,-0.010
'[10:00:09.908]',-0.400,-0.020
'[10:00:09.912]',-0.375,-0.045
'[10:00:09.916]',-0.425,-0.060
'[10:00:09.920]',-0.425,-0.075
'[10:00:09.924]',-0.405,-0.080
'[10:00:09.928]',-0.405,-0.055
'[10:00:09.932]',-0.425,-0.080
'[10:00:09.936]',-0.420,-0.065
'[10:00:09.940]',-0.410,-0.085
'[10:00:09.944]',-0.415,-0.075
'[10:00:09.948]',-0.420,-0.090
'[10:00:09.952]',-0.420,-0.115
'[10:00:09.956]',-0.440,-0.070
'[10:00:09.960]',-0.480,-0.070
'[10:00:09.964]',-0.435,-0.060
'[10:00:09.968]',-0.430,-0.075
'[10:00:09.972]',-0.425,-0.060
'[10:00:09.976]',-0.410,-0.065
'[10:00:09.980]',-0.420,-0.065
'[10:00:09.984]',-0.470,-0.050
'[10:00:09.988]',-0.480,-0.075
'[10:00:09.992]',-0.470,-0.075
'[10:00:09.996]',-0.475,-0.055
